Analysis & Synthesis report for Master
Sun Feb 01 15:50:56 2026
Quartus II Version 9.1 Build 222 10/21/2009 SJ Web Edition


---------------------
; Table of Contents ;
---------------------
  1. Legal Notice
  2. Analysis & Synthesis Summary
  3. Analysis & Synthesis Settings
  4. Parallel Compilation
  5. Analysis & Synthesis Source Files Read
  6. Analysis & Synthesis Resource Usage Summary
  7. Analysis & Synthesis Resource Utilization by Entity
  8. User-Specified and Inferred Latches
  9. General Register Statistics
 10. Source assignments for Block4:inst|lpm_counter4:inst35|lpm_counter:lpm_counter_component
 11. Source assignments for Block4:inst|lpm_counter0:inst6|lpm_counter:lpm_counter_component
 12. Source assignments for Block3:inst42|lpm_counter4:inst35|lpm_counter:lpm_counter_component
 13. Source assignments for Block3:inst42|lpm_counter0:inst6|lpm_counter:lpm_counter_component
 14. Source assignments for Master:inst43|lpm_counter4:inst35|lpm_counter:lpm_counter_component
 15. Source assignments for Master:inst43|lpm_counter0:inst6|lpm_counter:lpm_counter_component
 16. Source assignments for Block5:inst41|lpm_counter4:inst35|lpm_counter:lpm_counter_component
 17. Source assignments for Block5:inst41|lpm_counter0:inst6|lpm_counter:lpm_counter_component
 18. Parameter Settings for User Entity Instance: Block4:inst|lpm_counter4:inst35|lpm_counter:lpm_counter_component
 19. Parameter Settings for User Entity Instance: Block4:inst|lpm_bustri1:inst16|lpm_bustri:lpm_bustri_component
 20. Parameter Settings for User Entity Instance: Block4:inst|lpm_constant2:inst3|lpm_constant:lpm_constant_component
 21. Parameter Settings for User Entity Instance: Block4:inst|lpm_bustri0:inst15|lpm_bustri:lpm_bustri_component
 22. Parameter Settings for User Entity Instance: Block4:inst|lpm_counter0:inst6|lpm_counter:lpm_counter_component
 23. Parameter Settings for User Entity Instance: Block3:inst42|lpm_counter4:inst35|lpm_counter:lpm_counter_component
 24. Parameter Settings for User Entity Instance: Block3:inst42|lpm_bustri1:inst16|lpm_bustri:lpm_bustri_component
 25. Parameter Settings for User Entity Instance: Block3:inst42|lpm_constant0:inst7|lpm_constant:lpm_constant_component
 26. Parameter Settings for User Entity Instance: Block3:inst42|lpm_bustri0:inst15|lpm_bustri:lpm_bustri_component
 27. Parameter Settings for User Entity Instance: Block3:inst42|lpm_counter0:inst6|lpm_counter:lpm_counter_component
 28. Parameter Settings for User Entity Instance: Master:inst43|lpm_counter4:inst35|lpm_counter:lpm_counter_component
 29. Parameter Settings for User Entity Instance: Master:inst43|lpm_bustri1:inst16|lpm_bustri:lpm_bustri_component
 30. Parameter Settings for User Entity Instance: Master:inst43|lpm_constant1:inst23|lpm_constant:lpm_constant_component
 31. Parameter Settings for User Entity Instance: Master:inst43|lpm_bustri0:inst15|lpm_bustri:lpm_bustri_component
 32. Parameter Settings for User Entity Instance: Master:inst43|lpm_counter0:inst6|lpm_counter:lpm_counter_component
 33. Parameter Settings for User Entity Instance: Block5:inst41|lpm_counter4:inst35|lpm_counter:lpm_counter_component
 34. Parameter Settings for User Entity Instance: Block5:inst41|lpm_bustri1:inst16|lpm_bustri:lpm_bustri_component
 35. Parameter Settings for User Entity Instance: Block5:inst41|lpm_constant3:inst3|lpm_constant:lpm_constant_component
 36. Parameter Settings for User Entity Instance: Block5:inst41|lpm_bustri0:inst15|lpm_bustri:lpm_bustri_component
 37. Parameter Settings for User Entity Instance: Block5:inst41|lpm_counter0:inst6|lpm_counter:lpm_counter_component
 38. Parameter Settings for User Entity Instance: Block6:inst10|lpm_bustri2:inst|lpm_bustri:lpm_bustri_component
 39. Parameter Settings for User Entity Instance: Block6:inst10|lpm_compare0:inst3|lpm_compare:lpm_compare_component
 40. Parameter Settings for User Entity Instance: lpm_constant4:inst15|lpm_constant:lpm_constant_component
 41. Parameter Settings for User Entity Instance: Block6:inst11|lpm_bustri2:inst|lpm_bustri:lpm_bustri_component
 42. Parameter Settings for User Entity Instance: Block6:inst11|lpm_compare0:inst3|lpm_compare:lpm_compare_component
 43. Parameter Settings for User Entity Instance: lpm_constant5:inst16|lpm_constant:lpm_constant_component
 44. Parameter Settings for User Entity Instance: Block6:inst12|lpm_bustri2:inst|lpm_bustri:lpm_bustri_component
 45. Parameter Settings for User Entity Instance: Block6:inst12|lpm_compare0:inst3|lpm_compare:lpm_compare_component
 46. Parameter Settings for User Entity Instance: lpm_constant6:inst17|lpm_constant:lpm_constant_component
 47. Parameter Settings for User Entity Instance: Block6:inst13|lpm_bustri2:inst|lpm_bustri:lpm_bustri_component
 48. Parameter Settings for User Entity Instance: Block6:inst13|lpm_compare0:inst3|lpm_compare:lpm_compare_component
 49. Parameter Settings for User Entity Instance: lpm_constant7:inst21|lpm_constant:lpm_constant_component
 50. Parameter Settings for User Entity Instance: Block6:inst14|lpm_bustri2:inst|lpm_bustri:lpm_bustri_component
 51. Parameter Settings for User Entity Instance: Block6:inst14|lpm_compare0:inst3|lpm_compare:lpm_compare_component
 52. Parameter Settings for User Entity Instance: lpm_constant8:inst22|lpm_constant:lpm_constant_component
 53. Analysis & Synthesis Messages



----------------
; Legal Notice ;
----------------
Copyright (C) 1991-2009 Altera Corporation
Your use of Altera Corporation's design tools, logic functions 
and other software and tools, and its AMPP partner logic 
functions, and any output files from any of the foregoing 
(including device programming or simulation files), and any 
associated documentation or information are expressly subject 
to the terms and conditions of the Altera Program License 
Subscription Agreement, Altera MegaCore Function License 
Agreement, or other applicable license agreement, including, 
without limitation, that your use is for the sole purpose of 
programming logic devices manufactured by Altera and sold by 
Altera or its authorized distributors.  Please refer to the 
applicable agreement for further details.



+-------------------------------------------------------------------------+
; Analysis & Synthesis Summary                                            ;
+-------------------------------+-----------------------------------------+
; Analysis & Synthesis Status   ; Successful - Sun Feb 01 15:50:56 2026   ;
; Quartus II Version            ; 9.1 Build 222 10/21/2009 SJ Web Edition ;
; Revision Name                 ; Master                                  ;
; Top-level Entity Name         ; Block7                                  ;
; Family                        ; Stratix II                              ;
; Logic utilization             ; N/A                                     ;
;     Combinational ALUTs       ; 66                                      ;
;     Dedicated logic registers ; 28                                      ;
; Total registers               ; 28                                      ;
; Total pins                    ; 60                                      ;
; Total virtual pins            ; 0                                       ;
; Total block memory bits       ; 0                                       ;
; DSP block 9-bit elements      ; 0                                       ;
; Total PLLs                    ; 0                                       ;
; Total DLLs                    ; 0                                       ;
+-------------------------------+-----------------------------------------+


+----------------------------------------------------------------------------------------------------------------------+
; Analysis & Synthesis Settings                                                                                        ;
+----------------------------------------------------------------------------+--------------------+--------------------+
; Option                                                                     ; Setting            ; Default Value      ;
+----------------------------------------------------------------------------+--------------------+--------------------+
; Top-level entity name                                                      ; Block7             ; Master             ;
; Family name                                                                ; Stratix II         ; Stratix II         ;
; Use Generated Physical Constraints File                                    ; Off                ;                    ;
; Use smart compilation                                                      ; Off                ; Off                ;
; Enable parallel Assembler and TimeQuest Timing Analyzer during compilation ; On                 ; On                 ;
; Enable compact report table                                                ; Off                ; Off                ;
; Restructure Multiplexers                                                   ; Auto               ; Auto               ;
; Create Debugging Nodes for IP Cores                                        ; Off                ; Off                ;
; Preserve fewer node names                                                  ; On                 ; On                 ;
; Disable OpenCore Plus hardware evaluation                                  ; Off                ; Off                ;
; Verilog Version                                                            ; Verilog_2001       ; Verilog_2001       ;
; VHDL Version                                                               ; VHDL_1993          ; VHDL_1993          ;
; State Machine Processing                                                   ; Auto               ; Auto               ;
; Safe State Machine                                                         ; Off                ; Off                ;
; Extract Verilog State Machines                                             ; On                 ; On                 ;
; Extract VHDL State Machines                                                ; On                 ; On                 ;
; Ignore Verilog initial constructs                                          ; Off                ; Off                ;
; Iteration limit for constant Verilog loops                                 ; 5000               ; 5000               ;
; Iteration limit for non-constant Verilog loops                             ; 250                ; 250                ;
; Add Pass-Through Logic to Inferred RAMs                                    ; On                 ; On                 ;
; Parallel Synthesis                                                         ; On                 ; On                 ;
; DSP Block Balancing                                                        ; Auto               ; Auto               ;
; NOT Gate Push-Back                                                         ; On                 ; On                 ;
; Power-Up Don't Care                                                        ; On                 ; On                 ;
; Remove Redundant Logic Cells                                               ; Off                ; Off                ;
; Remove Duplicate Registers                                                 ; On                 ; On                 ;
; Ignore CARRY Buffers                                                       ; Off                ; Off                ;
; Ignore CASCADE Buffers                                                     ; Off                ; Off                ;
; Ignore GLOBAL Buffers                                                      ; Off                ; Off                ;
; Ignore ROW GLOBAL Buffers                                                  ; Off                ; Off                ;
; Ignore LCELL Buffers                                                       ; Off                ; Off                ;
; Ignore SOFT Buffers                                                        ; On                 ; On                 ;
; Limit AHDL Integers to 32 Bits                                             ; Off                ; Off                ;
; Optimization Technique                                                     ; Balanced           ; Balanced           ;
; Carry Chain Length                                                         ; 70                 ; 70                 ;
; Auto Carry Chains                                                          ; On                 ; On                 ;
; Auto Open-Drain Pins                                                       ; On                 ; On                 ;
; Perform WYSIWYG Primitive Resynthesis                                      ; Off                ; Off                ;
; Auto ROM Replacement                                                       ; On                 ; On                 ;
; Auto RAM Replacement                                                       ; On                 ; On                 ;
; Auto DSP Block Replacement                                                 ; On                 ; On                 ;
; Auto Shift Register Replacement                                            ; Auto               ; Auto               ;
; Auto Clock Enable Replacement                                              ; On                 ; On                 ;
; Strict RAM Replacement                                                     ; Off                ; Off                ;
; Allow Synchronous Control Signals                                          ; On                 ; On                 ;
; Force Use of Synchronous Clear Signals                                     ; Off                ; Off                ;
; Auto RAM Block Balancing                                                   ; On                 ; On                 ;
; Auto RAM to Logic Cell Conversion                                          ; Off                ; Off                ;
; Auto Resource Sharing                                                      ; Off                ; Off                ;
; Allow Any RAM Size For Recognition                                         ; Off                ; Off                ;
; Allow Any ROM Size For Recognition                                         ; Off                ; Off                ;
; Allow Any Shift Register Size For Recognition                              ; Off                ; Off                ;
; Use LogicLock Constraints during Resource Balancing                        ; On                 ; On                 ;
; Ignore translate_off and synthesis_off directives                          ; Off                ; Off                ;
; Timing-Driven Synthesis                                                    ; Off                ; Off                ;
; Show Parameter Settings Tables in Synthesis Report                         ; On                 ; On                 ;
; Ignore Maximum Fan-Out Assignments                                         ; Off                ; Off                ;
; Synchronization Register Chain Length                                      ; 2                  ; 2                  ;
; PowerPlay Power Optimization                                               ; Normal compilation ; Normal compilation ;
; HDL message level                                                          ; Level2             ; Level2             ;
; Suppress Register Optimization Related Messages                            ; Off                ; Off                ;
; Number of Removed Registers Reported in Synthesis Report                   ; 100                ; 100                ;
; Number of Inverted Registers Reported in Synthesis Report                  ; 100                ; 100                ;
; Clock MUX Protection                                                       ; On                 ; On                 ;
; Auto Gated Clock Conversion                                                ; Off                ; Off                ;
; Block Design Naming                                                        ; Auto               ; Auto               ;
; SDC constraint protection                                                  ; Off                ; Off                ;
; Synthesis Effort                                                           ; Auto               ; Auto               ;
; Shift Register Replacement - Allow Asynchronous Clear Signal               ; On                 ; On                 ;
; Analysis & Synthesis Message Level                                         ; Medium             ; Medium             ;
; Disable Register Merging Across Hierarchies                                ; Auto               ; Auto               ;
; Resource Aware Inference For Block RAM                                     ; On                 ; On                 ;
+----------------------------------------------------------------------------+--------------------+--------------------+


Parallel compilation was disabled, but you have multiple processors available. Enable parallel compilation to reduce compilation time.
+-------------------------------------+
; Parallel Compilation                ;
+----------------------------+--------+
; Processors                 ; Number ;
+----------------------------+--------+
; Number detected on machine ; 12     ;
; Maximum allowed            ; 1      ;
+----------------------------+--------+


+------------------------------------------------------------------------------------------------------------------------------------------------------------------------------------+
; Analysis & Synthesis Source Files Read                                                                                                                                             ;
+----------------------------------+-----------------+------------------------------------+------------------------------------------------------------------------------------------+
; File Name with User-Entered Path ; Used in Netlist ; File Type                          ; File Name with Absolute Path                                                             ;
+----------------------------------+-----------------+------------------------------------+------------------------------------------------------------------------------------------+
; Master.bdf                       ; yes             ; User Block Diagram/Schematic File  ; C:/Users/atyme/OneDrive/ƒÓÍÛÏÂÌÚ˚/GitHub/BSUIR-labs/6 term/—Ë‘Œ¬Ã/—»‘Œ/Master.bdf        ;
; Block3.bdf                       ; yes             ; User Block Diagram/Schematic File  ; C:/Users/atyme/OneDrive/ƒÓÍÛÏÂÌÚ˚/GitHub/BSUIR-labs/6 term/—Ë‘Œ¬Ã/—»‘Œ/Block3.bdf        ;
; Block4.bdf                       ; yes             ; User Block Diagram/Schematic File  ; C:/Users/atyme/OneDrive/ƒÓÍÛÏÂÌÚ˚/GitHub/BSUIR-labs/6 term/—Ë‘Œ¬Ã/—»‘Œ/Block4.bdf        ;
; Block5.bdf                       ; yes             ; User Block Diagram/Schematic File  ; C:/Users/atyme/OneDrive/ƒÓÍÛÏÂÌÚ˚/GitHub/BSUIR-labs/6 term/—Ë‘Œ¬Ã/—»‘Œ/Block5.bdf        ;
; Block6.bdf                       ; yes             ; User Block Diagram/Schematic File  ; C:/Users/atyme/OneDrive/ƒÓÍÛÏÂÌÚ˚/GitHub/BSUIR-labs/6 term/—Ë‘Œ¬Ã/—»‘Œ/Block6.bdf        ;
; Block7.bdf                       ; yes             ; User Block Diagram/Schematic File  ; C:/Users/atyme/OneDrive/ƒÓÍÛÏÂÌÚ˚/GitHub/BSUIR-labs/6 term/—Ë‘Œ¬Ã/—»‘Œ/Block7.bdf        ;
; lpm_counter4.tdf                 ; yes             ; Auto-Found Wizard-Generated File   ; C:/Users/atyme/OneDrive/ƒÓÍÛÏÂÌÚ˚/GitHub/BSUIR-labs/6 term/—Ë‘Œ¬Ã/—»‘Œ/lpm_counter4.tdf  ;
; lpm_counter.inc                  ; yes             ; Megafunction                       ; c:/altera/91/quartus/libraries/megafunctions/lpm_counter.inc                             ;
; lpm_counter.tdf                  ; yes             ; Megafunction                       ; c:/altera/91/quartus/libraries/megafunctions/lpm_counter.tdf                             ;
; lpm_constant.inc                 ; yes             ; Megafunction                       ; c:/altera/91/quartus/libraries/megafunctions/lpm_constant.inc                            ;
; lpm_compare.inc                  ; yes             ; Megafunction                       ; c:/altera/91/quartus/libraries/megafunctions/lpm_compare.inc                             ;
; db/cntr_7oi.tdf                  ; yes             ; Auto-Generated Megafunction        ; C:/Users/atyme/OneDrive/ƒÓÍÛÏÂÌÚ˚/GitHub/BSUIR-labs/6 term/—Ë‘Œ¬Ã/—»‘Œ/db/cntr_7oi.tdf   ;
; lpm_bustri1.tdf                  ; yes             ; Auto-Found Wizard-Generated File   ; C:/Users/atyme/OneDrive/ƒÓÍÛÏÂÌÚ˚/GitHub/BSUIR-labs/6 term/—Ë‘Œ¬Ã/—»‘Œ/lpm_bustri1.tdf   ;
; lpm_bustri.inc                   ; yes             ; Auto-Found AHDL File               ; c:/altera/91/quartus/libraries/megafunctions/lpm_bustri.inc                              ;
; lpm_bustri.tdf                   ; yes             ; Megafunction                       ; c:/altera/91/quartus/libraries/megafunctions/lpm_bustri.tdf                              ;
; lpm_constant2.tdf                ; yes             ; Auto-Found Wizard-Generated File   ; C:/Users/atyme/OneDrive/ƒÓÍÛÏÂÌÚ˚/GitHub/BSUIR-labs/6 term/—Ë‘Œ¬Ã/—»‘Œ/lpm_constant2.tdf ;
; lpm_constant.tdf                 ; yes             ; Megafunction                       ; c:/altera/91/quartus/libraries/megafunctions/lpm_constant.tdf                            ;
; lpm_bustri0.tdf                  ; yes             ; Auto-Found Wizard-Generated File   ; C:/Users/atyme/OneDrive/ƒÓÍÛÏÂÌÚ˚/GitHub/BSUIR-labs/6 term/—Ë‘Œ¬Ã/—»‘Œ/lpm_bustri0.tdf   ;
; lpm_counter0.tdf                 ; yes             ; Auto-Found Wizard-Generated File   ; C:/Users/atyme/OneDrive/ƒÓÍÛÏÂÌÚ˚/GitHub/BSUIR-labs/6 term/—Ë‘Œ¬Ã/—»‘Œ/lpm_counter0.tdf  ;
; db/cntr_poi.tdf                  ; yes             ; Auto-Generated Megafunction        ; C:/Users/atyme/OneDrive/ƒÓÍÛÏÂÌÚ˚/GitHub/BSUIR-labs/6 term/—Ë‘Œ¬Ã/—»‘Œ/db/cntr_poi.tdf   ;
; lpm_constant0.tdf                ; yes             ; Auto-Found Wizard-Generated File   ; C:/Users/atyme/OneDrive/ƒÓÍÛÏÂÌÚ˚/GitHub/BSUIR-labs/6 term/—Ë‘Œ¬Ã/—»‘Œ/lpm_constant0.tdf ;
; lpm_constant1.tdf                ; yes             ; Auto-Found Wizard-Generated File   ; C:/Users/atyme/OneDrive/ƒÓÍÛÏÂÌÚ˚/GitHub/BSUIR-labs/6 term/—Ë‘Œ¬Ã/—»‘Œ/lpm_constant1.tdf ;
; lpm_constant3.tdf                ; yes             ; Auto-Found Wizard-Generated File   ; C:/Users/atyme/OneDrive/ƒÓÍÛÏÂÌÚ˚/GitHub/BSUIR-labs/6 term/—Ë‘Œ¬Ã/—»‘Œ/lpm_constant3.tdf ;
; lpm_bustri2.tdf                  ; yes             ; Auto-Found Wizard-Generated File   ; C:/Users/atyme/OneDrive/ƒÓÍÛÏÂÌÚ˚/GitHub/BSUIR-labs/6 term/—Ë‘Œ¬Ã/—»‘Œ/lpm_bustri2.tdf   ;
; lpm_compare0.tdf                 ; yes             ; Auto-Found Wizard-Generated File   ; C:/Users/atyme/OneDrive/ƒÓÍÛÏÂÌÚ˚/GitHub/BSUIR-labs/6 term/—Ë‘Œ¬Ã/—»‘Œ/lpm_compare0.tdf  ;
; lpm_compare.tdf                  ; yes             ; Megafunction                       ; c:/altera/91/quartus/libraries/megafunctions/lpm_compare.tdf                             ;
; db/cmpr_aig.tdf                  ; yes             ; Auto-Generated Megafunction        ; C:/Users/atyme/OneDrive/ƒÓÍÛÏÂÌÚ˚/GitHub/BSUIR-labs/6 term/—Ë‘Œ¬Ã/—»‘Œ/db/cmpr_aig.tdf   ;
; lpm_constant4.tdf                ; yes             ; Auto-Found Wizard-Generated File   ; C:/Users/atyme/OneDrive/ƒÓÍÛÏÂÌÚ˚/GitHub/BSUIR-labs/6 term/—Ë‘Œ¬Ã/—»‘Œ/lpm_constant4.tdf ;
; lpm_constant5.tdf                ; yes             ; Auto-Found Wizard-Generated File   ; C:/Users/atyme/OneDrive/ƒÓÍÛÏÂÌÚ˚/GitHub/BSUIR-labs/6 term/—Ë‘Œ¬Ã/—»‘Œ/lpm_constant5.tdf ;
; lpm_constant6.tdf                ; yes             ; Auto-Found Wizard-Generated File   ; C:/Users/atyme/OneDrive/ƒÓÍÛÏÂÌÚ˚/GitHub/BSUIR-labs/6 term/—Ë‘Œ¬Ã/—»‘Œ/lpm_constant6.tdf ;
; lpm_constant7.tdf                ; yes             ; Auto-Found Wizard-Generated File   ; C:/Users/atyme/OneDrive/ƒÓÍÛÏÂÌÚ˚/GitHub/BSUIR-labs/6 term/—Ë‘Œ¬Ã/—»‘Œ/lpm_constant7.tdf ;
; lpm_constant8.tdf                ; yes             ; Auto-Found Wizard-Generated File   ; C:/Users/atyme/OneDrive/ƒÓÍÛÏÂÌÚ˚/GitHub/BSUIR-labs/6 term/—Ë‘Œ¬Ã/—»‘Œ/lpm_constant8.tdf ;
+----------------------------------+-----------------+------------------------------------+------------------------------------------------------------------------------------------+


+-------------------------------------------------------+
; Analysis & Synthesis Resource Usage Summary           ;
+-----------------------------------------------+-------+
; Resource                                      ; Usage ;
+-----------------------------------------------+-------+
; Estimated ALUTs Used                          ; 66    ;
; Dedicated logic registers                     ; 28    ;
;                                               ;       ;
; Estimated ALUTs Unavailable                   ; 0     ;
;                                               ;       ;
; Total combinational functions                 ; 66    ;
; Combinational ALUT usage by number of inputs  ;       ;
;     -- 7 input functions                      ; 0     ;
;     -- 6 input functions                      ; 0     ;
;     -- 5 input functions                      ; 9     ;
;     -- 4 input functions                      ; 6     ;
;     -- <=3 input functions                    ; 51    ;
;                                               ;       ;
; Combinational ALUTs by mode                   ;       ;
;     -- normal mode                            ; 42    ;
;     -- extended LUT mode                      ; 0     ;
;     -- arithmetic mode                        ; 24    ;
;     -- shared arithmetic mode                 ; 0     ;
;                                               ;       ;
; Estimated ALUT/register pairs used            ; 66    ;
;                                               ;       ;
; Total registers                               ; 28    ;
;     -- Dedicated logic registers              ; 28    ;
;     -- I/O registers                          ; 0     ;
;                                               ;       ;
; Estimated ALMs:  partially or completely used ; 33    ;
;                                               ;       ;
; I/O pins                                      ; 60    ;
; Maximum fan-out node                          ; CLK   ;
; Maximum fan-out                               ; 33    ;
; Total fan-out                                 ; 368   ;
; Average fan-out                               ; 2.39  ;
+-----------------------------------------------+-------+


+-------------------------------------------------------------------------------------------------------------------------------------------------------------------------------------------------------------------------------------------------------------------------------------------------+
; Analysis & Synthesis Resource Utilization by Entity                                                                                                                                                                                                                                             ;
+----------------------------------------------+-------------------+--------------+-------------------+--------------+---------+-----------+-----------+------+--------------+-----------------------------------------------------------------------------------------------------+--------------+
; Compilation Hierarchy Node                   ; LC Combinationals ; LC Registers ; Block Memory Bits ; DSP Elements ; DSP 9x9 ; DSP 18x18 ; DSP 36x36 ; Pins ; Virtual Pins ; Full Hierarchy Name                                                                                 ; Library Name ;
+----------------------------------------------+-------------------+--------------+-------------------+--------------+---------+-----------+-----------+------+--------------+-----------------------------------------------------------------------------------------------------+--------------+
; |Block7                                      ; 66 (4)            ; 28 (0)       ; 0                 ; 0            ; 0       ; 0         ; 0         ; 60   ; 0            ; |Block7                                                                                             ; work         ;
;    |Block3:inst42|                           ; 17 (6)            ; 7 (1)        ; 0                 ; 0            ; 0       ; 0         ; 0         ; 0    ; 0            ; |Block7|Block3:inst42                                                                               ; work         ;
;       |lpm_bustri1:inst16|                   ; 5 (0)             ; 0 (0)        ; 0                 ; 0            ; 0       ; 0         ; 0         ; 0    ; 0            ; |Block7|Block3:inst42|lpm_bustri1:inst16                                                            ; work         ;
;          |lpm_bustri:lpm_bustri_component|   ; 5 (5)             ; 0 (0)        ; 0                 ; 0            ; 0       ; 0         ; 0         ; 0    ; 0            ; |Block7|Block3:inst42|lpm_bustri1:inst16|lpm_bustri:lpm_bustri_component                            ; work         ;
;       |lpm_counter0:inst6|                   ; 3 (0)             ; 3 (0)        ; 0                 ; 0            ; 0       ; 0         ; 0         ; 0    ; 0            ; |Block7|Block3:inst42|lpm_counter0:inst6                                                            ; work         ;
;          |lpm_counter:lpm_counter_component| ; 3 (0)             ; 3 (0)        ; 0                 ; 0            ; 0       ; 0         ; 0         ; 0    ; 0            ; |Block7|Block3:inst42|lpm_counter0:inst6|lpm_counter:lpm_counter_component                          ; work         ;
;             |cntr_poi:auto_generated|        ; 3 (3)             ; 3 (3)        ; 0                 ; 0            ; 0       ; 0         ; 0         ; 0    ; 0            ; |Block7|Block3:inst42|lpm_counter0:inst6|lpm_counter:lpm_counter_component|cntr_poi:auto_generated  ; work         ;
;       |lpm_counter4:inst35|                  ; 3 (0)             ; 3 (0)        ; 0                 ; 0            ; 0       ; 0         ; 0         ; 0    ; 0            ; |Block7|Block3:inst42|lpm_counter4:inst35                                                           ; work         ;
;          |lpm_counter:lpm_counter_component| ; 3 (0)             ; 3 (0)        ; 0                 ; 0            ; 0       ; 0         ; 0         ; 0    ; 0            ; |Block7|Block3:inst42|lpm_counter4:inst35|lpm_counter:lpm_counter_component                         ; work         ;
;             |cntr_7oi:auto_generated|        ; 3 (3)             ; 3 (3)        ; 0                 ; 0            ; 0       ; 0         ; 0         ; 0    ; 0            ; |Block7|Block3:inst42|lpm_counter4:inst35|lpm_counter:lpm_counter_component|cntr_7oi:auto_generated ; work         ;
;    |Block4:inst|                             ; 12 (6)            ; 7 (1)        ; 0                 ; 0            ; 0       ; 0         ; 0         ; 0    ; 0            ; |Block7|Block4:inst                                                                                 ;              ;
;       |lpm_counter0:inst6|                   ; 3 (0)             ; 3 (0)        ; 0                 ; 0            ; 0       ; 0         ; 0         ; 0    ; 0            ; |Block7|Block4:inst|lpm_counter0:inst6                                                              ; work         ;
;          |lpm_counter:lpm_counter_component| ; 3 (0)             ; 3 (0)        ; 0                 ; 0            ; 0       ; 0         ; 0         ; 0    ; 0            ; |Block7|Block4:inst|lpm_counter0:inst6|lpm_counter:lpm_counter_component                            ; work         ;
;             |cntr_poi:auto_generated|        ; 3 (3)             ; 3 (3)        ; 0                 ; 0            ; 0       ; 0         ; 0         ; 0    ; 0            ; |Block7|Block4:inst|lpm_counter0:inst6|lpm_counter:lpm_counter_component|cntr_poi:auto_generated    ; work         ;
;       |lpm_counter4:inst35|                  ; 3 (0)             ; 3 (0)        ; 0                 ; 0            ; 0       ; 0         ; 0         ; 0    ; 0            ; |Block7|Block4:inst|lpm_counter4:inst35                                                             ; work         ;
;          |lpm_counter:lpm_counter_component| ; 3 (0)             ; 3 (0)        ; 0                 ; 0            ; 0       ; 0         ; 0         ; 0    ; 0            ; |Block7|Block4:inst|lpm_counter4:inst35|lpm_counter:lpm_counter_component                           ; work         ;
;             |cntr_7oi:auto_generated|        ; 3 (3)             ; 3 (3)        ; 0                 ; 0            ; 0       ; 0         ; 0         ; 0    ; 0            ; |Block7|Block4:inst|lpm_counter4:inst35|lpm_counter:lpm_counter_component|cntr_7oi:auto_generated   ; work         ;
;    |Block5:inst41|                           ; 12 (6)            ; 7 (1)        ; 0                 ; 0            ; 0       ; 0         ; 0         ; 0    ; 0            ; |Block7|Block5:inst41                                                                               ; work         ;
;       |lpm_counter0:inst6|                   ; 3 (0)             ; 3 (0)        ; 0                 ; 0            ; 0       ; 0         ; 0         ; 0    ; 0            ; |Block7|Block5:inst41|lpm_counter0:inst6                                                            ; work         ;
;          |lpm_counter:lpm_counter_component| ; 3 (0)             ; 3 (0)        ; 0                 ; 0            ; 0       ; 0         ; 0         ; 0    ; 0            ; |Block7|Block5:inst41|lpm_counter0:inst6|lpm_counter:lpm_counter_component                          ; work         ;
;             |cntr_poi:auto_generated|        ; 3 (3)             ; 3 (3)        ; 0                 ; 0            ; 0       ; 0         ; 0         ; 0    ; 0            ; |Block7|Block5:inst41|lpm_counter0:inst6|lpm_counter:lpm_counter_component|cntr_poi:auto_generated  ; work         ;
;       |lpm_counter4:inst35|                  ; 3 (0)             ; 3 (0)        ; 0                 ; 0            ; 0       ; 0         ; 0         ; 0    ; 0            ; |Block7|Block5:inst41|lpm_counter4:inst35                                                           ; work         ;
;          |lpm_counter:lpm_counter_component| ; 3 (0)             ; 3 (0)        ; 0                 ; 0            ; 0       ; 0         ; 0         ; 0    ; 0            ; |Block7|Block5:inst41|lpm_counter4:inst35|lpm_counter:lpm_counter_component                         ; work         ;
;             |cntr_7oi:auto_generated|        ; 3 (3)             ; 3 (3)        ; 0                 ; 0            ; 0       ; 0         ; 0         ; 0    ; 0            ; |Block7|Block5:inst41|lpm_counter4:inst35|lpm_counter:lpm_counter_component|cntr_7oi:auto_generated ; work         ;
;    |Master:inst43|                           ; 21 (6)            ; 7 (1)        ; 0                 ; 0            ; 0       ; 0         ; 0         ; 0    ; 0            ; |Block7|Master:inst43                                                                               ; work         ;
;       |lpm_bustri0:inst15|                   ; 7 (0)             ; 0 (0)        ; 0                 ; 0            ; 0       ; 0         ; 0         ; 0    ; 0            ; |Block7|Master:inst43|lpm_bustri0:inst15                                                            ; work         ;
;          |lpm_bustri:lpm_bustri_component|   ; 7 (7)             ; 0 (0)        ; 0                 ; 0            ; 0       ; 0         ; 0         ; 0    ; 0            ; |Block7|Master:inst43|lpm_bustri0:inst15|lpm_bustri:lpm_bustri_component                            ; work         ;
;       |lpm_bustri1:inst16|                   ; 2 (0)             ; 0 (0)        ; 0                 ; 0            ; 0       ; 0         ; 0         ; 0    ; 0            ; |Block7|Master:inst43|lpm_bustri1:inst16                                                            ; work         ;
;          |lpm_bustri:lpm_bustri_component|   ; 2 (2)             ; 0 (0)        ; 0                 ; 0            ; 0       ; 0         ; 0         ; 0    ; 0            ; |Block7|Master:inst43|lpm_bustri1:inst16|lpm_bustri:lpm_bustri_component                            ; work         ;
;       |lpm_counter0:inst6|                   ; 3 (0)             ; 3 (0)        ; 0                 ; 0            ; 0       ; 0         ; 0         ; 0    ; 0            ; |Block7|Master:inst43|lpm_counter0:inst6                                                            ; work         ;
;          |lpm_counter:lpm_counter_component| ; 3 (0)             ; 3 (0)        ; 0                 ; 0            ; 0       ; 0         ; 0         ; 0    ; 0            ; |Block7|Master:inst43|lpm_counter0:inst6|lpm_counter:lpm_counter_component                          ; work         ;
;             |cntr_poi:auto_generated|        ; 3 (3)             ; 3 (3)        ; 0                 ; 0            ; 0       ; 0         ; 0         ; 0    ; 0            ; |Block7|Master:inst43|lpm_counter0:inst6|lpm_counter:lpm_counter_component|cntr_poi:auto_generated  ; work         ;
;       |lpm_counter4:inst35|                  ; 3 (0)             ; 3 (0)        ; 0                 ; 0            ; 0       ; 0         ; 0         ; 0    ; 0            ; |Block7|Master:inst43|lpm_counter4:inst35                                                           ; work         ;
;          |lpm_counter:lpm_counter_component| ; 3 (0)             ; 3 (0)        ; 0                 ; 0            ; 0       ; 0         ; 0         ; 0    ; 0            ; |Block7|Master:inst43|lpm_counter4:inst35|lpm_counter:lpm_counter_component                         ; work         ;
;             |cntr_7oi:auto_generated|        ; 3 (3)             ; 3 (3)        ; 0                 ; 0            ; 0       ; 0         ; 0         ; 0    ; 0            ; |Block7|Master:inst43|lpm_counter4:inst35|lpm_counter:lpm_counter_component|cntr_7oi:auto_generated ; work         ;
+----------------------------------------------+-------------------+--------------+-------------------+--------------+---------+-----------+-----------+------+--------------+-----------------------------------------------------------------------------------------------------+--------------+
Note: For table entries with two numbers listed, the numbers in parentheses indicate the number of resources of the given type used by the specific entity alone. The numbers listed outside of parentheses indicate the total resources of the given type used by the specific entity and all of its sub-entities in the hierarchy.


+----------------------------------------------------------------------------------------------------+
; User-Specified and Inferred Latches                                                                ;
+----------------------------------------------------+----------------------+------------------------+
; Latch Name                                         ; Latch Enable Signal  ; Free of Timing Hazards ;
+----------------------------------------------------+----------------------+------------------------+
; Block4:inst|inst36                                 ; Block4:inst|inst12   ; yes                    ;
; Block3:inst42|inst36                               ; Block3:inst42|inst22 ; yes                    ;
; Master:inst43|inst36                               ; Master:inst43|inst12 ; yes                    ;
; Block5:inst41|inst36                               ; Block5:inst41|inst22 ; yes                    ;
; Number of user-specified and inferred latches = 4  ;                      ;                        ;
+----------------------------------------------------+----------------------+------------------------+
Note: All latches listed above may not be present at the end of synthesis due to various synthesis optimizations.


+------------------------------------------------------+
; General Register Statistics                          ;
+----------------------------------------------+-------+
; Statistic                                    ; Value ;
+----------------------------------------------+-------+
; Total registers                              ; 28    ;
; Number of registers using Synchronous Clear  ; 12    ;
; Number of registers using Synchronous Load   ; 0     ;
; Number of registers using Asynchronous Clear ; 16    ;
; Number of registers using Asynchronous Load  ; 0     ;
; Number of registers using Clock Enable       ; 24    ;
; Number of registers using Preset             ; 0     ;
+----------------------------------------------+-------+


+------------------------------------------------------------------------------------------+
; Source assignments for Block4:inst|lpm_counter4:inst35|lpm_counter:lpm_counter_component ;
+---------------------------+-------+------+-----------------------------------------------+
; Assignment                ; Value ; From ; To                                            ;
+---------------------------+-------+------+-----------------------------------------------+
; SUPPRESS_DA_RULE_INTERNAL ; a101  ; -    ; -                                             ;
; SUPPRESS_DA_RULE_INTERNAL ; s102  ; -    ; -                                             ;
; SUPPRESS_DA_RULE_INTERNAL ; s103  ; -    ; -                                             ;
+---------------------------+-------+------+-----------------------------------------------+


+-----------------------------------------------------------------------------------------+
; Source assignments for Block4:inst|lpm_counter0:inst6|lpm_counter:lpm_counter_component ;
+---------------------------+-------+------+----------------------------------------------+
; Assignment                ; Value ; From ; To                                           ;
+---------------------------+-------+------+----------------------------------------------+
; SUPPRESS_DA_RULE_INTERNAL ; a101  ; -    ; -                                            ;
; SUPPRESS_DA_RULE_INTERNAL ; s102  ; -    ; -                                            ;
; SUPPRESS_DA_RULE_INTERNAL ; s103  ; -    ; -                                            ;
+---------------------------+-------+------+----------------------------------------------+


+--------------------------------------------------------------------------------------------+
; Source assignments for Block3:inst42|lpm_counter4:inst35|lpm_counter:lpm_counter_component ;
+---------------------------+-------+------+-------------------------------------------------+
; Assignment                ; Value ; From ; To                                              ;
+---------------------------+-------+------+-------------------------------------------------+
; SUPPRESS_DA_RULE_INTERNAL ; a101  ; -    ; -                                               ;
; SUPPRESS_DA_RULE_INTERNAL ; s102  ; -    ; -                                               ;
; SUPPRESS_DA_RULE_INTERNAL ; s103  ; -    ; -                                               ;
+---------------------------+-------+------+-------------------------------------------------+


+-------------------------------------------------------------------------------------------+
; Source assignments for Block3:inst42|lpm_counter0:inst6|lpm_counter:lpm_counter_component ;
+---------------------------+-------+------+------------------------------------------------+
; Assignment                ; Value ; From ; To                                             ;
+---------------------------+-------+------+------------------------------------------------+
; SUPPRESS_DA_RULE_INTERNAL ; a101  ; -    ; -                                              ;
; SUPPRESS_DA_RULE_INTERNAL ; s102  ; -    ; -                                              ;
; SUPPRESS_DA_RULE_INTERNAL ; s103  ; -    ; -                                              ;
+---------------------------+-------+------+------------------------------------------------+


+--------------------------------------------------------------------------------------------+
; Source assignments for Master:inst43|lpm_counter4:inst35|lpm_counter:lpm_counter_component ;
+---------------------------+-------+------+-------------------------------------------------+
; Assignment                ; Value ; From ; To                                              ;
+---------------------------+-------+------+-------------------------------------------------+
; SUPPRESS_DA_RULE_INTERNAL ; a101  ; -    ; -                                               ;
; SUPPRESS_DA_RULE_INTERNAL ; s102  ; -    ; -                                               ;
; SUPPRESS_DA_RULE_INTERNAL ; s103  ; -    ; -                                               ;
+---------------------------+-------+------+-------------------------------------------------+


+-------------------------------------------------------------------------------------------+
; Source assignments for Master:inst43|lpm_counter0:inst6|lpm_counter:lpm_counter_component ;
+---------------------------+-------+------+------------------------------------------------+
; Assignment                ; Value ; From ; To                                             ;
+---------------------------+-------+------+------------------------------------------------+
; SUPPRESS_DA_RULE_INTERNAL ; a101  ; -    ; -                                              ;
; SUPPRESS_DA_RULE_INTERNAL ; s102  ; -    ; -                                              ;
; SUPPRESS_DA_RULE_INTERNAL ; s103  ; -    ; -                                              ;
+---------------------------+-------+------+------------------------------------------------+


+--------------------------------------------------------------------------------------------+
; Source assignments for Block5:inst41|lpm_counter4:inst35|lpm_counter:lpm_counter_component ;
+---------------------------+-------+------+-------------------------------------------------+
; Assignment                ; Value ; From ; To                                              ;
+---------------------------+-------+------+-------------------------------------------------+
; SUPPRESS_DA_RULE_INTERNAL ; a101  ; -    ; -                                               ;
; SUPPRESS_DA_RULE_INTERNAL ; s102  ; -    ; -                                               ;
; SUPPRESS_DA_RULE_INTERNAL ; s103  ; -    ; -                                               ;
+---------------------------+-------+------+-------------------------------------------------+


+-------------------------------------------------------------------------------------------+
; Source assignments for Block5:inst41|lpm_counter0:inst6|lpm_counter:lpm_counter_component ;
+---------------------------+-------+------+------------------------------------------------+
; Assignment                ; Value ; From ; To                                             ;
+---------------------------+-------+------+------------------------------------------------+
; SUPPRESS_DA_RULE_INTERNAL ; a101  ; -    ; -                                              ;
; SUPPRESS_DA_RULE_INTERNAL ; s102  ; -    ; -                                              ;
; SUPPRESS_DA_RULE_INTERNAL ; s103  ; -    ; -                                              ;
+---------------------------+-------+------+------------------------------------------------+


+----------------------------------------------------------------------------------------------------------------+
; Parameter Settings for User Entity Instance: Block4:inst|lpm_counter4:inst35|lpm_counter:lpm_counter_component ;
+------------------------+-------------+-------------------------------------------------------------------------+
; Parameter Name         ; Value       ; Type                                                                    ;
+------------------------+-------------+-------------------------------------------------------------------------+
; AUTO_CARRY_CHAINS      ; ON          ; AUTO_CARRY                                                              ;
; IGNORE_CARRY_BUFFERS   ; OFF         ; IGNORE_CARRY                                                            ;
; AUTO_CASCADE_CHAINS    ; ON          ; AUTO_CASCADE                                                            ;
; IGNORE_CASCADE_BUFFERS ; OFF         ; IGNORE_CASCADE                                                          ;
; LPM_WIDTH              ; 3           ; Untyped                                                                 ;
; LPM_DIRECTION          ; UP          ; Untyped                                                                 ;
; LPM_MODULUS            ; 0           ; Untyped                                                                 ;
; LPM_AVALUE             ; UNUSED      ; Untyped                                                                 ;
; LPM_SVALUE             ; UNUSED      ; Untyped                                                                 ;
; LPM_PORT_UPDOWN        ; PORT_UNUSED ; Untyped                                                                 ;
; DEVICE_FAMILY          ; Stratix II  ; Untyped                                                                 ;
; CARRY_CHAIN            ; MANUAL      ; Untyped                                                                 ;
; CARRY_CHAIN_LENGTH     ; 48          ; CARRY_CHAIN_LENGTH                                                      ;
; NOT_GATE_PUSH_BACK     ; ON          ; NOT_GATE_PUSH_BACK                                                      ;
; CARRY_CNT_EN           ; SMART       ; Untyped                                                                 ;
; LABWIDE_SCLR           ; ON          ; Untyped                                                                 ;
; USE_NEW_VERSION        ; TRUE        ; Untyped                                                                 ;
; CBXI_PARAMETER         ; cntr_7oi    ; Untyped                                                                 ;
+------------------------+-------------+-------------------------------------------------------------------------+
Note: In order to hide this table in the UI and the text report file, please set the "Show Parameter Settings Tables in Synthesis Report" option in "Analysis and Synthesis Settings -> More Settings" to "Off".


+-------------------------------------------------------------------------------------------------------------+
; Parameter Settings for User Entity Instance: Block4:inst|lpm_bustri1:inst16|lpm_bustri:lpm_bustri_component ;
+----------------+-------+------------------------------------------------------------------------------------+
; Parameter Name ; Value ; Type                                                                               ;
+----------------+-------+------------------------------------------------------------------------------------+
; LPM_WIDTH      ; 8     ; Untyped                                                                            ;
+----------------+-------+------------------------------------------------------------------------------------+
Note: In order to hide this table in the UI and the text report file, please set the "Show Parameter Settings Tables in Synthesis Report" option in "Analysis and Synthesis Settings -> More Settings" to "Off".


+------------------------------------------------------------------------------------------------------------------+
; Parameter Settings for User Entity Instance: Block4:inst|lpm_constant2:inst3|lpm_constant:lpm_constant_component ;
+--------------------+------------------+--------------------------------------------------------------------------+
; Parameter Name     ; Value            ; Type                                                                     ;
+--------------------+------------------+--------------------------------------------------------------------------+
; LPM_WIDTH          ; 8                ; Untyped                                                                  ;
; LPM_CVALUE         ; 2                ; Untyped                                                                  ;
; ENABLE_RUNTIME_MOD ; NO               ; Untyped                                                                  ;
; CBXI_PARAMETER     ; lpm_constant_sf6 ; Untyped                                                                  ;
+--------------------+------------------+--------------------------------------------------------------------------+
Note: In order to hide this table in the UI and the text report file, please set the "Show Parameter Settings Tables in Synthesis Report" option in "Analysis and Synthesis Settings -> More Settings" to "Off".


+-------------------------------------------------------------------------------------------------------------+
; Parameter Settings for User Entity Instance: Block4:inst|lpm_bustri0:inst15|lpm_bustri:lpm_bustri_component ;
+----------------+-------+------------------------------------------------------------------------------------+
; Parameter Name ; Value ; Type                                                                               ;
+----------------+-------+------------------------------------------------------------------------------------+
; LPM_WIDTH      ; 3     ; Untyped                                                                            ;
+----------------+-------+------------------------------------------------------------------------------------+
Note: In order to hide this table in the UI and the text report file, please set the "Show Parameter Settings Tables in Synthesis Report" option in "Analysis and Synthesis Settings -> More Settings" to "Off".


+---------------------------------------------------------------------------------------------------------------+
; Parameter Settings for User Entity Instance: Block4:inst|lpm_counter0:inst6|lpm_counter:lpm_counter_component ;
+------------------------+-------------+------------------------------------------------------------------------+
; Parameter Name         ; Value       ; Type                                                                   ;
+------------------------+-------------+------------------------------------------------------------------------+
; AUTO_CARRY_CHAINS      ; ON          ; AUTO_CARRY                                                             ;
; IGNORE_CARRY_BUFFERS   ; OFF         ; IGNORE_CARRY                                                           ;
; AUTO_CASCADE_CHAINS    ; ON          ; AUTO_CASCADE                                                           ;
; IGNORE_CASCADE_BUFFERS ; OFF         ; IGNORE_CASCADE                                                         ;
; LPM_WIDTH              ; 3           ; Untyped                                                                ;
; LPM_DIRECTION          ; UP          ; Untyped                                                                ;
; LPM_MODULUS            ; 0           ; Untyped                                                                ;
; LPM_AVALUE             ; UNUSED      ; Untyped                                                                ;
; LPM_SVALUE             ; UNUSED      ; Untyped                                                                ;
; LPM_PORT_UPDOWN        ; PORT_UNUSED ; Untyped                                                                ;
; DEVICE_FAMILY          ; Stratix II  ; Untyped                                                                ;
; CARRY_CHAIN            ; MANUAL      ; Untyped                                                                ;
; CARRY_CHAIN_LENGTH     ; 48          ; CARRY_CHAIN_LENGTH                                                     ;
; NOT_GATE_PUSH_BACK     ; ON          ; NOT_GATE_PUSH_BACK                                                     ;
; CARRY_CNT_EN           ; SMART       ; Untyped                                                                ;
; LABWIDE_SCLR           ; ON          ; Untyped                                                                ;
; USE_NEW_VERSION        ; TRUE        ; Untyped                                                                ;
; CBXI_PARAMETER         ; cntr_poi    ; Untyped                                                                ;
+------------------------+-------------+------------------------------------------------------------------------+
Note: In order to hide this table in the UI and the text report file, please set the "Show Parameter Settings Tables in Synthesis Report" option in "Analysis and Synthesis Settings -> More Settings" to "Off".


+------------------------------------------------------------------------------------------------------------------+
; Parameter Settings for User Entity Instance: Block3:inst42|lpm_counter4:inst35|lpm_counter:lpm_counter_component ;
+------------------------+-------------+---------------------------------------------------------------------------+
; Parameter Name         ; Value       ; Type                                                                      ;
+------------------------+-------------+---------------------------------------------------------------------------+
; AUTO_CARRY_CHAINS      ; ON          ; AUTO_CARRY                                                                ;
; IGNORE_CARRY_BUFFERS   ; OFF         ; IGNORE_CARRY                                                              ;
; AUTO_CASCADE_CHAINS    ; ON          ; AUTO_CASCADE                                                              ;
; IGNORE_CASCADE_BUFFERS ; OFF         ; IGNORE_CASCADE                                                            ;
; LPM_WIDTH              ; 3           ; Untyped                                                                   ;
; LPM_DIRECTION          ; UP          ; Untyped                                                                   ;
; LPM_MODULUS            ; 0           ; Untyped                                                                   ;
; LPM_AVALUE             ; UNUSED      ; Untyped                                                                   ;
; LPM_SVALUE             ; UNUSED      ; Untyped                                                                   ;
; LPM_PORT_UPDOWN        ; PORT_UNUSED ; Untyped                                                                   ;
; DEVICE_FAMILY          ; Stratix II  ; Untyped                                                                   ;
; CARRY_CHAIN            ; MANUAL      ; Untyped                                                                   ;
; CARRY_CHAIN_LENGTH     ; 48          ; CARRY_CHAIN_LENGTH                                                        ;
; NOT_GATE_PUSH_BACK     ; ON          ; NOT_GATE_PUSH_BACK                                                        ;
; CARRY_CNT_EN           ; SMART       ; Untyped                                                                   ;
; LABWIDE_SCLR           ; ON          ; Untyped                                                                   ;
; USE_NEW_VERSION        ; TRUE        ; Untyped                                                                   ;
; CBXI_PARAMETER         ; cntr_7oi    ; Untyped                                                                   ;
+------------------------+-------------+---------------------------------------------------------------------------+
Note: In order to hide this table in the UI and the text report file, please set the "Show Parameter Settings Tables in Synthesis Report" option in "Analysis and Synthesis Settings -> More Settings" to "Off".


+---------------------------------------------------------------------------------------------------------------+
; Parameter Settings for User Entity Instance: Block3:inst42|lpm_bustri1:inst16|lpm_bustri:lpm_bustri_component ;
+----------------+-------+--------------------------------------------------------------------------------------+
; Parameter Name ; Value ; Type                                                                                 ;
+----------------+-------+--------------------------------------------------------------------------------------+
; LPM_WIDTH      ; 8     ; Untyped                                                                              ;
+----------------+-------+--------------------------------------------------------------------------------------+
Note: In order to hide this table in the UI and the text report file, please set the "Show Parameter Settings Tables in Synthesis Report" option in "Analysis and Synthesis Settings -> More Settings" to "Off".


+--------------------------------------------------------------------------------------------------------------------+
; Parameter Settings for User Entity Instance: Block3:inst42|lpm_constant0:inst7|lpm_constant:lpm_constant_component ;
+--------------------+------------------+----------------------------------------------------------------------------+
; Parameter Name     ; Value            ; Type                                                                       ;
+--------------------+------------------+----------------------------------------------------------------------------+
; LPM_WIDTH          ; 8                ; Untyped                                                                    ;
; LPM_CVALUE         ; 3                ; Untyped                                                                    ;
; ENABLE_RUNTIME_MOD ; NO               ; Untyped                                                                    ;
; CBXI_PARAMETER     ; lpm_constant_tf6 ; Untyped                                                                    ;
+--------------------+------------------+----------------------------------------------------------------------------+
Note: In order to hide this table in the UI and the text report file, please set the "Show Parameter Settings Tables in Synthesis Report" option in "Analysis and Synthesis Settings -> More Settings" to "Off".


+---------------------------------------------------------------------------------------------------------------+
; Parameter Settings for User Entity Instance: Block3:inst42|lpm_bustri0:inst15|lpm_bustri:lpm_bustri_component ;
+----------------+-------+--------------------------------------------------------------------------------------+
; Parameter Name ; Value ; Type                                                                                 ;
+----------------+-------+--------------------------------------------------------------------------------------+
; LPM_WIDTH      ; 3     ; Untyped                                                                              ;
+----------------+-------+--------------------------------------------------------------------------------------+
Note: In order to hide this table in the UI and the text report file, please set the "Show Parameter Settings Tables in Synthesis Report" option in "Analysis and Synthesis Settings -> More Settings" to "Off".


+-----------------------------------------------------------------------------------------------------------------+
; Parameter Settings for User Entity Instance: Block3:inst42|lpm_counter0:inst6|lpm_counter:lpm_counter_component ;
+------------------------+-------------+--------------------------------------------------------------------------+
; Parameter Name         ; Value       ; Type                                                                     ;
+------------------------+-------------+--------------------------------------------------------------------------+
; AUTO_CARRY_CHAINS      ; ON          ; AUTO_CARRY                                                               ;
; IGNORE_CARRY_BUFFERS   ; OFF         ; IGNORE_CARRY                                                             ;
; AUTO_CASCADE_CHAINS    ; ON          ; AUTO_CASCADE                                                             ;
; IGNORE_CASCADE_BUFFERS ; OFF         ; IGNORE_CASCADE                                                           ;
; LPM_WIDTH              ; 3           ; Untyped                                                                  ;
; LPM_DIRECTION          ; UP          ; Untyped                                                                  ;
; LPM_MODULUS            ; 0           ; Untyped                                                                  ;
; LPM_AVALUE             ; UNUSED      ; Untyped                                                                  ;
; LPM_SVALUE             ; UNUSED      ; Untyped                                                                  ;
; LPM_PORT_UPDOWN        ; PORT_UNUSED ; Untyped                                                                  ;
; DEVICE_FAMILY          ; Stratix II  ; Untyped                                                                  ;
; CARRY_CHAIN            ; MANUAL      ; Untyped                                                                  ;
; CARRY_CHAIN_LENGTH     ; 48          ; CARRY_CHAIN_LENGTH                                                       ;
; NOT_GATE_PUSH_BACK     ; ON          ; NOT_GATE_PUSH_BACK                                                       ;
; CARRY_CNT_EN           ; SMART       ; Untyped                                                                  ;
; LABWIDE_SCLR           ; ON          ; Untyped                                                                  ;
; USE_NEW_VERSION        ; TRUE        ; Untyped                                                                  ;
; CBXI_PARAMETER         ; cntr_poi    ; Untyped                                                                  ;
+------------------------+-------------+--------------------------------------------------------------------------+
Note: In order to hide this table in the UI and the text report file, please set the "Show Parameter Settings Tables in Synthesis Report" option in "Analysis and Synthesis Settings -> More Settings" to "Off".


+------------------------------------------------------------------------------------------------------------------+
; Parameter Settings for User Entity Instance: Master:inst43|lpm_counter4:inst35|lpm_counter:lpm_counter_component ;
+------------------------+-------------+---------------------------------------------------------------------------+
; Parameter Name         ; Value       ; Type                                                                      ;
+------------------------+-------------+---------------------------------------------------------------------------+
; AUTO_CARRY_CHAINS      ; ON          ; AUTO_CARRY                                                                ;
; IGNORE_CARRY_BUFFERS   ; OFF         ; IGNORE_CARRY                                                              ;
; AUTO_CASCADE_CHAINS    ; ON          ; AUTO_CASCADE                                                              ;
; IGNORE_CASCADE_BUFFERS ; OFF         ; IGNORE_CASCADE                                                            ;
; LPM_WIDTH              ; 3           ; Untyped                                                                   ;
; LPM_DIRECTION          ; UP          ; Untyped                                                                   ;
; LPM_MODULUS            ; 0           ; Untyped                                                                   ;
; LPM_AVALUE             ; UNUSED      ; Untyped                                                                   ;
; LPM_SVALUE             ; UNUSED      ; Untyped                                                                   ;
; LPM_PORT_UPDOWN        ; PORT_UNUSED ; Untyped                                                                   ;
; DEVICE_FAMILY          ; Stratix II  ; Untyped                                                                   ;
; CARRY_CHAIN            ; MANUAL      ; Untyped                                                                   ;
; CARRY_CHAIN_LENGTH     ; 48          ; CARRY_CHAIN_LENGTH                                                        ;
; NOT_GATE_PUSH_BACK     ; ON          ; NOT_GATE_PUSH_BACK                                                        ;
; CARRY_CNT_EN           ; SMART       ; Untyped                                                                   ;
; LABWIDE_SCLR           ; ON          ; Untyped                                                                   ;
; USE_NEW_VERSION        ; TRUE        ; Untyped                                                                   ;
; CBXI_PARAMETER         ; cntr_7oi    ; Untyped                                                                   ;
+------------------------+-------------+---------------------------------------------------------------------------+
Note: In order to hide this table in the UI and the text report file, please set the "Show Parameter Settings Tables in Synthesis Report" option in "Analysis and Synthesis Settings -> More Settings" to "Off".


+---------------------------------------------------------------------------------------------------------------+
; Parameter Settings for User Entity Instance: Master:inst43|lpm_bustri1:inst16|lpm_bustri:lpm_bustri_component ;
+----------------+-------+--------------------------------------------------------------------------------------+
; Parameter Name ; Value ; Type                                                                                 ;
+----------------+-------+--------------------------------------------------------------------------------------+
; LPM_WIDTH      ; 8     ; Untyped                                                                              ;
+----------------+-------+--------------------------------------------------------------------------------------+
Note: In order to hide this table in the UI and the text report file, please set the "Show Parameter Settings Tables in Synthesis Report" option in "Analysis and Synthesis Settings -> More Settings" to "Off".


+---------------------------------------------------------------------------------------------------------------------+
; Parameter Settings for User Entity Instance: Master:inst43|lpm_constant1:inst23|lpm_constant:lpm_constant_component ;
+--------------------+------------------+-----------------------------------------------------------------------------+
; Parameter Name     ; Value            ; Type                                                                        ;
+--------------------+------------------+-----------------------------------------------------------------------------+
; LPM_WIDTH          ; 8                ; Untyped                                                                     ;
; LPM_CVALUE         ; 4                ; Untyped                                                                     ;
; ENABLE_RUNTIME_MOD ; NO               ; Untyped                                                                     ;
; CBXI_PARAMETER     ; lpm_constant_uf6 ; Untyped                                                                     ;
+--------------------+------------------+-----------------------------------------------------------------------------+
Note: In order to hide this table in the UI and the text report file, please set the "Show Parameter Settings Tables in Synthesis Report" option in "Analysis and Synthesis Settings -> More Settings" to "Off".


+---------------------------------------------------------------------------------------------------------------+
; Parameter Settings for User Entity Instance: Master:inst43|lpm_bustri0:inst15|lpm_bustri:lpm_bustri_component ;
+----------------+-------+--------------------------------------------------------------------------------------+
; Parameter Name ; Value ; Type                                                                                 ;
+----------------+-------+--------------------------------------------------------------------------------------+
; LPM_WIDTH      ; 3     ; Untyped                                                                              ;
+----------------+-------+--------------------------------------------------------------------------------------+
Note: In order to hide this table in the UI and the text report file, please set the "Show Parameter Settings Tables in Synthesis Report" option in "Analysis and Synthesis Settings -> More Settings" to "Off".


+-----------------------------------------------------------------------------------------------------------------+
; Parameter Settings for User Entity Instance: Master:inst43|lpm_counter0:inst6|lpm_counter:lpm_counter_component ;
+------------------------+-------------+--------------------------------------------------------------------------+
; Parameter Name         ; Value       ; Type                                                                     ;
+------------------------+-------------+--------------------------------------------------------------------------+
; AUTO_CARRY_CHAINS      ; ON          ; AUTO_CARRY                                                               ;
; IGNORE_CARRY_BUFFERS   ; OFF         ; IGNORE_CARRY                                                             ;
; AUTO_CASCADE_CHAINS    ; ON          ; AUTO_CASCADE                                                             ;
; IGNORE_CASCADE_BUFFERS ; OFF         ; IGNORE_CASCADE                                                           ;
; LPM_WIDTH              ; 3           ; Untyped                                                                  ;
; LPM_DIRECTION          ; UP          ; Untyped                                                                  ;
; LPM_MODULUS            ; 0           ; Untyped                                                                  ;
; LPM_AVALUE             ; UNUSED      ; Untyped                                                                  ;
; LPM_SVALUE             ; UNUSED      ; Untyped                                                                  ;
; LPM_PORT_UPDOWN        ; PORT_UNUSED ; Untyped                                                                  ;
; DEVICE_FAMILY          ; Stratix II  ; Untyped                                                                  ;
; CARRY_CHAIN            ; MANUAL      ; Untyped                                                                  ;
; CARRY_CHAIN_LENGTH     ; 48          ; CARRY_CHAIN_LENGTH                                                       ;
; NOT_GATE_PUSH_BACK     ; ON          ; NOT_GATE_PUSH_BACK                                                       ;
; CARRY_CNT_EN           ; SMART       ; Untyped                                                                  ;
; LABWIDE_SCLR           ; ON          ; Untyped                                                                  ;
; USE_NEW_VERSION        ; TRUE        ; Untyped                                                                  ;
; CBXI_PARAMETER         ; cntr_poi    ; Untyped                                                                  ;
+------------------------+-------------+--------------------------------------------------------------------------+
Note: In order to hide this table in the UI and the text report file, please set the "Show Parameter Settings Tables in Synthesis Report" option in "Analysis and Synthesis Settings -> More Settings" to "Off".


+------------------------------------------------------------------------------------------------------------------+
; Parameter Settings for User Entity Instance: Block5:inst41|lpm_counter4:inst35|lpm_counter:lpm_counter_component ;
+------------------------+-------------+---------------------------------------------------------------------------+
; Parameter Name         ; Value       ; Type                                                                      ;
+------------------------+-------------+---------------------------------------------------------------------------+
; AUTO_CARRY_CHAINS      ; ON          ; AUTO_CARRY                                                                ;
; IGNORE_CARRY_BUFFERS   ; OFF         ; IGNORE_CARRY                                                              ;
; AUTO_CASCADE_CHAINS    ; ON          ; AUTO_CASCADE                                                              ;
; IGNORE_CASCADE_BUFFERS ; OFF         ; IGNORE_CASCADE                                                            ;
; LPM_WIDTH              ; 3           ; Untyped                                                                   ;
; LPM_DIRECTION          ; UP          ; Untyped                                                                   ;
; LPM_MODULUS            ; 0           ; Untyped                                                                   ;
; LPM_AVALUE             ; UNUSED      ; Untyped                                                                   ;
; LPM_SVALUE             ; UNUSED      ; Untyped                                                                   ;
; LPM_PORT_UPDOWN        ; PORT_UNUSED ; Untyped                                                                   ;
; DEVICE_FAMILY          ; Stratix II  ; Untyped                                                                   ;
; CARRY_CHAIN            ; MANUAL      ; Untyped                                                                   ;
; CARRY_CHAIN_LENGTH     ; 48          ; CARRY_CHAIN_LENGTH                                                        ;
; NOT_GATE_PUSH_BACK     ; ON          ; NOT_GATE_PUSH_BACK                                                        ;
; CARRY_CNT_EN           ; SMART       ; Untyped                                                                   ;
; LABWIDE_SCLR           ; ON          ; Untyped                                                                   ;
; USE_NEW_VERSION        ; TRUE        ; Untyped                                                                   ;
; CBXI_PARAMETER         ; cntr_7oi    ; Untyped                                                                   ;
+------------------------+-------------+---------------------------------------------------------------------------+
Note: In order to hide this table in the UI and the text report file, please set the "Show Parameter Settings Tables in Synthesis Report" option in "Analysis and Synthesis Settings -> More Settings" to "Off".


+---------------------------------------------------------------------------------------------------------------+
; Parameter Settings for User Entity Instance: Block5:inst41|lpm_bustri1:inst16|lpm_bustri:lpm_bustri_component ;
+----------------+-------+--------------------------------------------------------------------------------------+
; Parameter Name ; Value ; Type                                                                                 ;
+----------------+-------+--------------------------------------------------------------------------------------+
; LPM_WIDTH      ; 8     ; Untyped                                                                              ;
+----------------+-------+--------------------------------------------------------------------------------------+
Note: In order to hide this table in the UI and the text report file, please set the "Show Parameter Settings Tables in Synthesis Report" option in "Analysis and Synthesis Settings -> More Settings" to "Off".


+--------------------------------------------------------------------------------------------------------------------+
; Parameter Settings for User Entity Instance: Block5:inst41|lpm_constant3:inst3|lpm_constant:lpm_constant_component ;
+--------------------+------------------+----------------------------------------------------------------------------+
; Parameter Name     ; Value            ; Type                                                                       ;
+--------------------+------------------+----------------------------------------------------------------------------+
; LPM_WIDTH          ; 8                ; Untyped                                                                    ;
; LPM_CVALUE         ; 1                ; Untyped                                                                    ;
; ENABLE_RUNTIME_MOD ; NO               ; Untyped                                                                    ;
; CBXI_PARAMETER     ; lpm_constant_rf6 ; Untyped                                                                    ;
+--------------------+------------------+----------------------------------------------------------------------------+
Note: In order to hide this table in the UI and the text report file, please set the "Show Parameter Settings Tables in Synthesis Report" option in "Analysis and Synthesis Settings -> More Settings" to "Off".


+---------------------------------------------------------------------------------------------------------------+
; Parameter Settings for User Entity Instance: Block5:inst41|lpm_bustri0:inst15|lpm_bustri:lpm_bustri_component ;
+----------------+-------+--------------------------------------------------------------------------------------+
; Parameter Name ; Value ; Type                                                                                 ;
+----------------+-------+--------------------------------------------------------------------------------------+
; LPM_WIDTH      ; 3     ; Untyped                                                                              ;
+----------------+-------+--------------------------------------------------------------------------------------+
Note: In order to hide this table in the UI and the text report file, please set the "Show Parameter Settings Tables in Synthesis Report" option in "Analysis and Synthesis Settings -> More Settings" to "Off".


+-----------------------------------------------------------------------------------------------------------------+
; Parameter Settings for User Entity Instance: Block5:inst41|lpm_counter0:inst6|lpm_counter:lpm_counter_component ;
+------------------------+-------------+--------------------------------------------------------------------------+
; Parameter Name         ; Value       ; Type                                                                     ;
+------------------------+-------------+--------------------------------------------------------------------------+
; AUTO_CARRY_CHAINS      ; ON          ; AUTO_CARRY                                                               ;
; IGNORE_CARRY_BUFFERS   ; OFF         ; IGNORE_CARRY                                                             ;
; AUTO_CASCADE_CHAINS    ; ON          ; AUTO_CASCADE                                                             ;
; IGNORE_CASCADE_BUFFERS ; OFF         ; IGNORE_CASCADE                                                           ;
; LPM_WIDTH              ; 3           ; Untyped                                                                  ;
; LPM_DIRECTION          ; UP          ; Untyped                                                                  ;
; LPM_MODULUS            ; 0           ; Untyped                                                                  ;
; LPM_AVALUE             ; UNUSED      ; Untyped                                                                  ;
; LPM_SVALUE             ; UNUSED      ; Untyped                                                                  ;
; LPM_PORT_UPDOWN        ; PORT_UNUSED ; Untyped                                                                  ;
; DEVICE_FAMILY          ; Stratix II  ; Untyped                                                                  ;
; CARRY_CHAIN            ; MANUAL      ; Untyped                                                                  ;
; CARRY_CHAIN_LENGTH     ; 48          ; CARRY_CHAIN_LENGTH                                                       ;
; NOT_GATE_PUSH_BACK     ; ON          ; NOT_GATE_PUSH_BACK                                                       ;
; CARRY_CNT_EN           ; SMART       ; Untyped                                                                  ;
; LABWIDE_SCLR           ; ON          ; Untyped                                                                  ;
; USE_NEW_VERSION        ; TRUE        ; Untyped                                                                  ;
; CBXI_PARAMETER         ; cntr_poi    ; Untyped                                                                  ;
+------------------------+-------------+--------------------------------------------------------------------------+
Note: In order to hide this table in the UI and the text report file, please set the "Show Parameter Settings Tables in Synthesis Report" option in "Analysis and Synthesis Settings -> More Settings" to "Off".


+-------------------------------------------------------------------------------------------------------------+
; Parameter Settings for User Entity Instance: Block6:inst10|lpm_bustri2:inst|lpm_bustri:lpm_bustri_component ;
+----------------+-------+------------------------------------------------------------------------------------+
; Parameter Name ; Value ; Type                                                                               ;
+----------------+-------+------------------------------------------------------------------------------------+
; LPM_WIDTH      ; 8     ; Untyped                                                                            ;
+----------------+-------+------------------------------------------------------------------------------------+
Note: In order to hide this table in the UI and the text report file, please set the "Show Parameter Settings Tables in Synthesis Report" option in "Analysis and Synthesis Settings -> More Settings" to "Off".


+-----------------------------------------------------------------------------------------------------------------+
; Parameter Settings for User Entity Instance: Block6:inst10|lpm_compare0:inst3|lpm_compare:lpm_compare_component ;
+------------------------+------------+---------------------------------------------------------------------------+
; Parameter Name         ; Value      ; Type                                                                      ;
+------------------------+------------+---------------------------------------------------------------------------+
; lpm_width              ; 3          ; Untyped                                                                   ;
; LPM_REPRESENTATION     ; UNSIGNED   ; Untyped                                                                   ;
; LPM_PIPELINE           ; 0          ; Untyped                                                                   ;
; CHAIN_SIZE             ; 8          ; Untyped                                                                   ;
; ONE_INPUT_IS_CONSTANT  ; NO         ; Untyped                                                                   ;
; CARRY_CHAIN            ; MANUAL     ; Untyped                                                                   ;
; CASCADE_CHAIN          ; MANUAL     ; Untyped                                                                   ;
; CARRY_CHAIN_LENGTH     ; 48         ; CARRY_CHAIN_LENGTH                                                        ;
; CASCADE_CHAIN_LENGTH   ; 2          ; CASCADE_CHAIN_LENGTH                                                      ;
; DEVICE_FAMILY          ; Stratix II ; Untyped                                                                   ;
; CBXI_PARAMETER         ; cmpr_aig   ; Untyped                                                                   ;
; AUTO_CARRY_CHAINS      ; ON         ; AUTO_CARRY                                                                ;
; IGNORE_CARRY_BUFFERS   ; OFF        ; IGNORE_CARRY                                                              ;
; AUTO_CASCADE_CHAINS    ; ON         ; AUTO_CASCADE                                                              ;
; IGNORE_CASCADE_BUFFERS ; OFF        ; IGNORE_CASCADE                                                            ;
+------------------------+------------+---------------------------------------------------------------------------+
Note: In order to hide this table in the UI and the text report file, please set the "Show Parameter Settings Tables in Synthesis Report" option in "Analysis and Synthesis Settings -> More Settings" to "Off".


+-------------------------------------------------------------------------------------------------------+
; Parameter Settings for User Entity Instance: lpm_constant4:inst15|lpm_constant:lpm_constant_component ;
+--------------------+------------------+---------------------------------------------------------------+
; Parameter Name     ; Value            ; Type                                                          ;
+--------------------+------------------+---------------------------------------------------------------+
; LPM_WIDTH          ; 3                ; Untyped                                                       ;
; LPM_CVALUE         ; 0                ; Untyped                                                       ;
; ENABLE_RUNTIME_MOD ; NO               ; Untyped                                                       ;
; CBXI_PARAMETER     ; lpm_constant_5e6 ; Untyped                                                       ;
+--------------------+------------------+---------------------------------------------------------------+
Note: In order to hide this table in the UI and the text report file, please set the "Show Parameter Settings Tables in Synthesis Report" option in "Analysis and Synthesis Settings -> More Settings" to "Off".


+-------------------------------------------------------------------------------------------------------------+
; Parameter Settings for User Entity Instance: Block6:inst11|lpm_bustri2:inst|lpm_bustri:lpm_bustri_component ;
+----------------+-------+------------------------------------------------------------------------------------+
; Parameter Name ; Value ; Type                                                                               ;
+----------------+-------+------------------------------------------------------------------------------------+
; LPM_WIDTH      ; 8     ; Untyped                                                                            ;
+----------------+-------+------------------------------------------------------------------------------------+
Note: In order to hide this table in the UI and the text report file, please set the "Show Parameter Settings Tables in Synthesis Report" option in "Analysis and Synthesis Settings -> More Settings" to "Off".


+-----------------------------------------------------------------------------------------------------------------+
; Parameter Settings for User Entity Instance: Block6:inst11|lpm_compare0:inst3|lpm_compare:lpm_compare_component ;
+------------------------+------------+---------------------------------------------------------------------------+
; Parameter Name         ; Value      ; Type                                                                      ;
+------------------------+------------+---------------------------------------------------------------------------+
; lpm_width              ; 3          ; Untyped                                                                   ;
; LPM_REPRESENTATION     ; UNSIGNED   ; Untyped                                                                   ;
; LPM_PIPELINE           ; 0          ; Untyped                                                                   ;
; CHAIN_SIZE             ; 8          ; Untyped                                                                   ;
; ONE_INPUT_IS_CONSTANT  ; NO         ; Untyped                                                                   ;
; CARRY_CHAIN            ; MANUAL     ; Untyped                                                                   ;
; CASCADE_CHAIN          ; MANUAL     ; Untyped                                                                   ;
; CARRY_CHAIN_LENGTH     ; 48         ; CARRY_CHAIN_LENGTH                                                        ;
; CASCADE_CHAIN_LENGTH   ; 2          ; CASCADE_CHAIN_LENGTH                                                      ;
; DEVICE_FAMILY          ; Stratix II ; Untyped                                                                   ;
; CBXI_PARAMETER         ; cmpr_aig   ; Untyped                                                                   ;
; AUTO_CARRY_CHAINS      ; ON         ; AUTO_CARRY                                                                ;
; IGNORE_CARRY_BUFFERS   ; OFF        ; IGNORE_CARRY                                                              ;
; AUTO_CASCADE_CHAINS    ; ON         ; AUTO_CASCADE                                                              ;
; IGNORE_CASCADE_BUFFERS ; OFF        ; IGNORE_CASCADE                                                            ;
+------------------------+------------+---------------------------------------------------------------------------+
Note: In order to hide this table in the UI and the text report file, please set the "Show Parameter Settings Tables in Synthesis Report" option in "Analysis and Synthesis Settings -> More Settings" to "Off".


+-------------------------------------------------------------------------------------------------------+
; Parameter Settings for User Entity Instance: lpm_constant5:inst16|lpm_constant:lpm_constant_component ;
+--------------------+------------------+---------------------------------------------------------------+
; Parameter Name     ; Value            ; Type                                                          ;
+--------------------+------------------+---------------------------------------------------------------+
; LPM_WIDTH          ; 3                ; Untyped                                                       ;
; LPM_CVALUE         ; 1                ; Untyped                                                       ;
; ENABLE_RUNTIME_MOD ; NO               ; Untyped                                                       ;
; CBXI_PARAMETER     ; lpm_constant_6e6 ; Untyped                                                       ;
+--------------------+------------------+---------------------------------------------------------------+
Note: In order to hide this table in the UI and the text report file, please set the "Show Parameter Settings Tables in Synthesis Report" option in "Analysis and Synthesis Settings -> More Settings" to "Off".


+-------------------------------------------------------------------------------------------------------------+
; Parameter Settings for User Entity Instance: Block6:inst12|lpm_bustri2:inst|lpm_bustri:lpm_bustri_component ;
+----------------+-------+------------------------------------------------------------------------------------+
; Parameter Name ; Value ; Type                                                                               ;
+----------------+-------+------------------------------------------------------------------------------------+
; LPM_WIDTH      ; 8     ; Untyped                                                                            ;
+----------------+-------+------------------------------------------------------------------------------------+
Note: In order to hide this table in the UI and the text report file, please set the "Show Parameter Settings Tables in Synthesis Report" option in "Analysis and Synthesis Settings -> More Settings" to "Off".


+-----------------------------------------------------------------------------------------------------------------+
; Parameter Settings for User Entity Instance: Block6:inst12|lpm_compare0:inst3|lpm_compare:lpm_compare_component ;
+------------------------+------------+---------------------------------------------------------------------------+
; Parameter Name         ; Value      ; Type                                                                      ;
+------------------------+------------+---------------------------------------------------------------------------+
; lpm_width              ; 3          ; Untyped                                                                   ;
; LPM_REPRESENTATION     ; UNSIGNED   ; Untyped                                                                   ;
; LPM_PIPELINE           ; 0          ; Untyped                                                                   ;
; CHAIN_SIZE             ; 8          ; Untyped                                                                   ;
; ONE_INPUT_IS_CONSTANT  ; NO         ; Untyped                                                                   ;
; CARRY_CHAIN            ; MANUAL     ; Untyped                                                                   ;
; CASCADE_CHAIN          ; MANUAL     ; Untyped                                                                   ;
; CARRY_CHAIN_LENGTH     ; 48         ; CARRY_CHAIN_LENGTH                                                        ;
; CASCADE_CHAIN_LENGTH   ; 2          ; CASCADE_CHAIN_LENGTH                                                      ;
; DEVICE_FAMILY          ; Stratix II ; Untyped                                                                   ;
; CBXI_PARAMETER         ; cmpr_aig   ; Untyped                                                                   ;
; AUTO_CARRY_CHAINS      ; ON         ; AUTO_CARRY                                                                ;
; IGNORE_CARRY_BUFFERS   ; OFF        ; IGNORE_CARRY                                                              ;
; AUTO_CASCADE_CHAINS    ; ON         ; AUTO_CASCADE                                                              ;
; IGNORE_CASCADE_BUFFERS ; OFF        ; IGNORE_CASCADE                                                            ;
+------------------------+------------+---------------------------------------------------------------------------+
Note: In order to hide this table in the UI and the text report file, please set the "Show Parameter Settings Tables in Synthesis Report" option in "Analysis and Synthesis Settings -> More Settings" to "Off".


+-------------------------------------------------------------------------------------------------------+
; Parameter Settings for User Entity Instance: lpm_constant6:inst17|lpm_constant:lpm_constant_component ;
+--------------------+------------------+---------------------------------------------------------------+
; Parameter Name     ; Value            ; Type                                                          ;
+--------------------+------------------+---------------------------------------------------------------+
; LPM_WIDTH          ; 3                ; Untyped                                                       ;
; LPM_CVALUE         ; 2                ; Untyped                                                       ;
; ENABLE_RUNTIME_MOD ; NO               ; Untyped                                                       ;
; CBXI_PARAMETER     ; lpm_constant_7e6 ; Untyped                                                       ;
+--------------------+------------------+---------------------------------------------------------------+
Note: In order to hide this table in the UI and the text report file, please set the "Show Parameter Settings Tables in Synthesis Report" option in "Analysis and Synthesis Settings -> More Settings" to "Off".


+-------------------------------------------------------------------------------------------------------------+
; Parameter Settings for User Entity Instance: Block6:inst13|lpm_bustri2:inst|lpm_bustri:lpm_bustri_component ;
+----------------+-------+------------------------------------------------------------------------------------+
; Parameter Name ; Value ; Type                                                                               ;
+----------------+-------+------------------------------------------------------------------------------------+
; LPM_WIDTH      ; 8     ; Untyped                                                                            ;
+----------------+-------+------------------------------------------------------------------------------------+
Note: In order to hide this table in the UI and the text report file, please set the "Show Parameter Settings Tables in Synthesis Report" option in "Analysis and Synthesis Settings -> More Settings" to "Off".


+-----------------------------------------------------------------------------------------------------------------+
; Parameter Settings for User Entity Instance: Block6:inst13|lpm_compare0:inst3|lpm_compare:lpm_compare_component ;
+------------------------+------------+---------------------------------------------------------------------------+
; Parameter Name         ; Value      ; Type                                                                      ;
+------------------------+------------+---------------------------------------------------------------------------+
; lpm_width              ; 3          ; Untyped                                                                   ;
; LPM_REPRESENTATION     ; UNSIGNED   ; Untyped                                                                   ;
; LPM_PIPELINE           ; 0          ; Untyped                                                                   ;
; CHAIN_SIZE             ; 8          ; Untyped                                                                   ;
; ONE_INPUT_IS_CONSTANT  ; NO         ; Untyped                                                                   ;
; CARRY_CHAIN            ; MANUAL     ; Untyped                                                                   ;
; CASCADE_CHAIN          ; MANUAL     ; Untyped                                                                   ;
; CARRY_CHAIN_LENGTH     ; 48         ; CARRY_CHAIN_LENGTH                                                        ;
; CASCADE_CHAIN_LENGTH   ; 2          ; CASCADE_CHAIN_LENGTH                                                      ;
; DEVICE_FAMILY          ; Stratix II ; Untyped                                                                   ;
; CBXI_PARAMETER         ; cmpr_aig   ; Untyped                                                                   ;
; AUTO_CARRY_CHAINS      ; ON         ; AUTO_CARRY                                                                ;
; IGNORE_CARRY_BUFFERS   ; OFF        ; IGNORE_CARRY                                                              ;
; AUTO_CASCADE_CHAINS    ; ON         ; AUTO_CASCADE                                                              ;
; IGNORE_CASCADE_BUFFERS ; OFF        ; IGNORE_CASCADE                                                            ;
+------------------------+------------+---------------------------------------------------------------------------+
Note: In order to hide this table in the UI and the text report file, please set the "Show Parameter Settings Tables in Synthesis Report" option in "Analysis and Synthesis Settings -> More Settings" to "Off".


+-------------------------------------------------------------------------------------------------------+
; Parameter Settings for User Entity Instance: lpm_constant7:inst21|lpm_constant:lpm_constant_component ;
+--------------------+------------------+---------------------------------------------------------------+
; Parameter Name     ; Value            ; Type                                                          ;
+--------------------+------------------+---------------------------------------------------------------+
; LPM_WIDTH          ; 3                ; Untyped                                                       ;
; LPM_CVALUE         ; 3                ; Untyped                                                       ;
; ENABLE_RUNTIME_MOD ; NO               ; Untyped                                                       ;
; CBXI_PARAMETER     ; lpm_constant_8e6 ; Untyped                                                       ;
+--------------------+------------------+---------------------------------------------------------------+
Note: In order to hide this table in the UI and the text report file, please set the "Show Parameter Settings Tables in Synthesis Report" option in "Analysis and Synthesis Settings -> More Settings" to "Off".


+-------------------------------------------------------------------------------------------------------------+
; Parameter Settings for User Entity Instance: Block6:inst14|lpm_bustri2:inst|lpm_bustri:lpm_bustri_component ;
+----------------+-------+------------------------------------------------------------------------------------+
; Parameter Name ; Value ; Type                                                                               ;
+----------------+-------+------------------------------------------------------------------------------------+
; LPM_WIDTH      ; 8     ; Untyped                                                                            ;
+----------------+-------+------------------------------------------------------------------------------------+
Note: In order to hide this table in the UI and the text report file, please set the "Show Parameter Settings Tables in Synthesis Report" option in "Analysis and Synthesis Settings -> More Settings" to "Off".


+-----------------------------------------------------------------------------------------------------------------+
; Parameter Settings for User Entity Instance: Block6:inst14|lpm_compare0:inst3|lpm_compare:lpm_compare_component ;
+------------------------+------------+---------------------------------------------------------------------------+
; Parameter Name         ; Value      ; Type                                                                      ;
+------------------------+------------+---------------------------------------------------------------------------+
; lpm_width              ; 3          ; Untyped                                                                   ;
; LPM_REPRESENTATION     ; UNSIGNED   ; Untyped                                                                   ;
; LPM_PIPELINE           ; 0          ; Untyped                                                                   ;
; CHAIN_SIZE             ; 8          ; Untyped                                                                   ;
; ONE_INPUT_IS_CONSTANT  ; NO         ; Untyped                                                                   ;
; CARRY_CHAIN            ; MANUAL     ; Untyped                                                                   ;
; CASCADE_CHAIN          ; MANUAL     ; Untyped                                                                   ;
; CARRY_CHAIN_LENGTH     ; 48         ; CARRY_CHAIN_LENGTH                                                        ;
; CASCADE_CHAIN_LENGTH   ; 2          ; CASCADE_CHAIN_LENGTH                                                      ;
; DEVICE_FAMILY          ; Stratix II ; Untyped                                                                   ;
; CBXI_PARAMETER         ; cmpr_aig   ; Untyped                                                                   ;
; AUTO_CARRY_CHAINS      ; ON         ; AUTO_CARRY                                                                ;
; IGNORE_CARRY_BUFFERS   ; OFF        ; IGNORE_CARRY                                                              ;
; AUTO_CASCADE_CHAINS    ; ON         ; AUTO_CASCADE                                                              ;
; IGNORE_CASCADE_BUFFERS ; OFF        ; IGNORE_CASCADE                                                            ;
+------------------------+------------+---------------------------------------------------------------------------+
Note: In order to hide this table in the UI and the text report file, please set the "Show Parameter Settings Tables in Synthesis Report" option in "Analysis and Synthesis Settings -> More Settings" to "Off".


+-------------------------------------------------------------------------------------------------------+
; Parameter Settings for User Entity Instance: lpm_constant8:inst22|lpm_constant:lpm_constant_component ;
+--------------------+------------------+---------------------------------------------------------------+
; Parameter Name     ; Value            ; Type                                                          ;
+--------------------+------------------+---------------------------------------------------------------+
; LPM_WIDTH          ; 3                ; Untyped                                                       ;
; LPM_CVALUE         ; 4                ; Untyped                                                       ;
; ENABLE_RUNTIME_MOD ; NO               ; Untyped                                                       ;
; CBXI_PARAMETER     ; lpm_constant_9e6 ; Untyped                                                       ;
+--------------------+------------------+---------------------------------------------------------------+
Note: In order to hide this table in the UI and the text report file, please set the "Show Parameter Settings Tables in Synthesis Report" option in "Analysis and Synthesis Settings -> More Settings" to "Off".


+-------------------------------+
; Analysis & Synthesis Messages ;
+-------------------------------+
Info: *******************************************************************
Info: Running Quartus II Analysis & Synthesis
    Info: Version 9.1 Build 222 10/21/2009 SJ Web Edition
    Info: Processing started: Sun Feb 01 15:50:53 2026
Info: Command: quartus_map --read_settings_files=on --write_settings_files=off LAB1 -c Master
Info: Found 1 design units, including 1 entities, in source file master.bdf
    Info: Found entity 1: Master
Info: Found 1 design units, including 1 entities, in source file block3.bdf
    Info: Found entity 1: Block3
Info: Found 1 design units, including 1 entities, in source file block4.bdf
    Info: Found entity 1: Block4
Info: Found 1 design units, including 1 entities, in source file block5.bdf
    Info: Found entity 1: Block5
Info: Found 1 design units, including 1 entities, in source file block6.bdf
    Info: Found entity 1: Block6
Info: Found 1 design units, including 1 entities, in source file block7.bdf
    Info: Found entity 1: Block7
Info: Elaborating entity "Block7" for the top level hierarchy
Info: Elaborating entity "Block4" for hierarchy "Block4:inst"
Warning: Pin "REQ0" not connected
Warning: Using design file lpm_counter4.tdf, which is not specified as a design file for the current project, but contains definitions for 1 design units and 1 entities in project
    Info: Found entity 1: lpm_counter4
Info: Elaborating entity "lpm_counter4" for hierarchy "Block4:inst|lpm_counter4:inst35"
Info: Elaborating entity "lpm_counter" for hierarchy "Block4:inst|lpm_counter4:inst35|lpm_counter:lpm_counter_component"
Info: Elaborated megafunction instantiation "Block4:inst|lpm_counter4:inst35|lpm_counter:lpm_counter_component"
Info: Instantiated megafunction "Block4:inst|lpm_counter4:inst35|lpm_counter:lpm_counter_component" with the following parameter:
    Info: Parameter "LPM_TYPE" = "LPM_COUNTER"
    Info: Parameter "LPM_WIDTH" = "3"
    Info: Parameter "LPM_DIRECTION" = "UP"
    Info: Parameter "LPM_PORT_UPDOWN" = "PORT_UNUSED"
Info: Found 1 design units, including 1 entities, in source file db/cntr_7oi.tdf
    Info: Found entity 1: cntr_7oi
Info: Elaborating entity "cntr_7oi" for hierarchy "Block4:inst|lpm_counter4:inst35|lpm_counter:lpm_counter_component|cntr_7oi:auto_generated"
Warning: Using design file lpm_bustri1.tdf, which is not specified as a design file for the current project, but contains definitions for 1 design units and 1 entities in project
    Info: Found entity 1: lpm_bustri1
Info: Elaborating entity "lpm_bustri1" for hierarchy "Block4:inst|lpm_bustri1:inst16"
Info: Elaborating entity "lpm_bustri" for hierarchy "Block4:inst|lpm_bustri1:inst16|lpm_bustri:lpm_bustri_component"
Info: Elaborated megafunction instantiation "Block4:inst|lpm_bustri1:inst16|lpm_bustri:lpm_bustri_component"
Info: Instantiated megafunction "Block4:inst|lpm_bustri1:inst16|lpm_bustri:lpm_bustri_component" with the following parameter:
    Info: Parameter "LPM_TYPE" = "LPM_BUSTRI"
    Info: Parameter "LPM_WIDTH" = "8"
Warning: Using design file lpm_constant2.tdf, which is not specified as a design file for the current project, but contains definitions for 1 design units and 1 entities in project
    Info: Found entity 1: lpm_constant2
Info: Elaborating entity "lpm_constant2" for hierarchy "Block4:inst|lpm_constant2:inst3"
Info: Elaborating entity "lpm_constant" for hierarchy "Block4:inst|lpm_constant2:inst3|lpm_constant:lpm_constant_component"
Info: Elaborated megafunction instantiation "Block4:inst|lpm_constant2:inst3|lpm_constant:lpm_constant_component"
Info: Instantiated megafunction "Block4:inst|lpm_constant2:inst3|lpm_constant:lpm_constant_component" with the following parameter:
    Info: Parameter "LPM_TYPE" = "LPM_CONSTANT"
    Info: Parameter "LPM_HINT" = "ENABLE_RUNTIME_MOD=NO"
    Info: Parameter "LPM_WIDTH" = "8"
    Info: Parameter "LPM_CVALUE" = "2"
Warning: Using design file lpm_bustri0.tdf, which is not specified as a design file for the current project, but contains definitions for 1 design units and 1 entities in project
    Info: Found entity 1: lpm_bustri0
Info: Elaborating entity "lpm_bustri0" for hierarchy "Block4:inst|lpm_bustri0:inst15"
Info: Elaborating entity "lpm_bustri" for hierarchy "Block4:inst|lpm_bustri0:inst15|lpm_bustri:lpm_bustri_component"
Info: Elaborated megafunction instantiation "Block4:inst|lpm_bustri0:inst15|lpm_bustri:lpm_bustri_component"
Info: Instantiated megafunction "Block4:inst|lpm_bustri0:inst15|lpm_bustri:lpm_bustri_component" with the following parameter:
    Info: Parameter "LPM_TYPE" = "LPM_BUSTRI"
    Info: Parameter "LPM_WIDTH" = "3"
Warning: Using design file lpm_counter0.tdf, which is not specified as a design file for the current project, but contains definitions for 1 design units and 1 entities in project
    Info: Found entity 1: lpm_counter0
Info: Elaborating entity "lpm_counter0" for hierarchy "Block4:inst|lpm_counter0:inst6"
Info: Elaborating entity "lpm_counter" for hierarchy "Block4:inst|lpm_counter0:inst6|lpm_counter:lpm_counter_component"
Info: Elaborated megafunction instantiation "Block4:inst|lpm_counter0:inst6|lpm_counter:lpm_counter_component"
Info: Instantiated megafunction "Block4:inst|lpm_counter0:inst6|lpm_counter:lpm_counter_component" with the following parameter:
    Info: Parameter "LPM_TYPE" = "LPM_COUNTER"
    Info: Parameter "LPM_WIDTH" = "3"
    Info: Parameter "LPM_DIRECTION" = "UP"
    Info: Parameter "LPM_PORT_UPDOWN" = "PORT_UNUSED"
Info: Found 1 design units, including 1 entities, in source file db/cntr_poi.tdf
    Info: Found entity 1: cntr_poi
Info: Elaborating entity "cntr_poi" for hierarchy "Block4:inst|lpm_counter0:inst6|lpm_counter:lpm_counter_component|cntr_poi:auto_generated"
Info: Elaborating entity "Block3" for hierarchy "Block3:inst42"
Warning: Pin "REQ0" not connected
Warning: Pin "REQ1" not connected
Warning: Using design file lpm_constant0.tdf, which is not specified as a design file for the current project, but contains definitions for 1 design units and 1 entities in project
    Info: Found entity 1: lpm_constant0
Info: Elaborating entity "lpm_constant0" for hierarchy "Block3:inst42|lpm_constant0:inst7"
Info: Elaborating entity "lpm_constant" for hierarchy "Block3:inst42|lpm_constant0:inst7|lpm_constant:lpm_constant_component"
Info: Elaborated megafunction instantiation "Block3:inst42|lpm_constant0:inst7|lpm_constant:lpm_constant_component"
Info: Instantiated megafunction "Block3:inst42|lpm_constant0:inst7|lpm_constant:lpm_constant_component" with the following parameter:
    Info: Parameter "LPM_TYPE" = "LPM_CONSTANT"
    Info: Parameter "LPM_HINT" = "ENABLE_RUNTIME_MOD=NO"
    Info: Parameter "LPM_WIDTH" = "8"
    Info: Parameter "LPM_CVALUE" = "3"
Info: Elaborating entity "Master" for hierarchy "Master:inst43"
Warning: Pin "REQ0" not connected
Warning: Pin "REQ1" not connected
Warning: Pin "REQ2" not connected
Warning: Using design file lpm_constant1.tdf, which is not specified as a design file for the current project, but contains definitions for 1 design units and 1 entities in project
    Info: Found entity 1: lpm_constant1
Info: Elaborating entity "lpm_constant1" for hierarchy "Master:inst43|lpm_constant1:inst23"
Info: Elaborating entity "lpm_constant" for hierarchy "Master:inst43|lpm_constant1:inst23|lpm_constant:lpm_constant_component"
Info: Elaborated megafunction instantiation "Master:inst43|lpm_constant1:inst23|lpm_constant:lpm_constant_component"
Info: Instantiated megafunction "Master:inst43|lpm_constant1:inst23|lpm_constant:lpm_constant_component" with the following parameter:
    Info: Parameter "LPM_TYPE" = "LPM_CONSTANT"
    Info: Parameter "LPM_HINT" = "ENABLE_RUNTIME_MOD=NO"
    Info: Parameter "LPM_WIDTH" = "8"
    Info: Parameter "LPM_CVALUE" = "4"
Info: Elaborating entity "Block5" for hierarchy "Block5:inst41"
Warning: Using design file lpm_constant3.tdf, which is not specified as a design file for the current project, but contains definitions for 1 design units and 1 entities in project
    Info: Found entity 1: lpm_constant3
Info: Elaborating entity "lpm_constant3" for hierarchy "Block5:inst41|lpm_constant3:inst3"
Info: Elaborating entity "lpm_constant" for hierarchy "Block5:inst41|lpm_constant3:inst3|lpm_constant:lpm_constant_component"
Info: Elaborated megafunction instantiation "Block5:inst41|lpm_constant3:inst3|lpm_constant:lpm_constant_component"
Info: Instantiated megafunction "Block5:inst41|lpm_constant3:inst3|lpm_constant:lpm_constant_component" with the following parameter:
    Info: Parameter "LPM_TYPE" = "LPM_CONSTANT"
    Info: Parameter "LPM_HINT" = "ENABLE_RUNTIME_MOD=NO"
    Info: Parameter "LPM_WIDTH" = "8"
    Info: Parameter "LPM_CVALUE" = "1"
Info: Elaborating entity "Block6" for hierarchy "Block6:inst10"
Warning: Using design file lpm_bustri2.tdf, which is not specified as a design file for the current project, but contains definitions for 1 design units and 1 entities in project
    Info: Found entity 1: lpm_bustri2
Info: Elaborating entity "lpm_bustri2" for hierarchy "Block6:inst10|lpm_bustri2:inst"
Warning: Using design file lpm_compare0.tdf, which is not specified as a design file for the current project, but contains definitions for 1 design units and 1 entities in project
    Info: Found entity 1: lpm_compare0
Info: Elaborating entity "lpm_compare0" for hierarchy "Block6:inst10|lpm_compare0:inst3"
Info: Elaborating entity "lpm_compare" for hierarchy "Block6:inst10|lpm_compare0:inst3|lpm_compare:lpm_compare_component"
Info: Elaborated megafunction instantiation "Block6:inst10|lpm_compare0:inst3|lpm_compare:lpm_compare_component"
Info: Instantiated megafunction "Block6:inst10|lpm_compare0:inst3|lpm_compare:lpm_compare_component" with the following parameter:
    Info: Parameter "LPM_TYPE" = "LPM_COMPARE"
    Info: Parameter "LPM_WIDTH" = "3"
    Info: Parameter "LPM_REPRESENTATION" = "UNSIGNED"
Info: Found 1 design units, including 1 entities, in source file db/cmpr_aig.tdf
    Info: Found entity 1: cmpr_aig
Info: Elaborating entity "cmpr_aig" for hierarchy "Block6:inst10|lpm_compare0:inst3|lpm_compare:lpm_compare_component|cmpr_aig:auto_generated"
Warning: Using design file lpm_constant4.tdf, which is not specified as a design file for the current project, but contains definitions for 1 design units and 1 entities in project
    Info: Found entity 1: lpm_constant4
Info: Elaborating entity "lpm_constant4" for hierarchy "lpm_constant4:inst15"
Info: Elaborating entity "lpm_constant" for hierarchy "lpm_constant4:inst15|lpm_constant:lpm_constant_component"
Info: Elaborated megafunction instantiation "lpm_constant4:inst15|lpm_constant:lpm_constant_component"
Info: Instantiated megafunction "lpm_constant4:inst15|lpm_constant:lpm_constant_component" with the following parameter:
    Info: Parameter "LPM_TYPE" = "LPM_CONSTANT"
    Info: Parameter "LPM_HINT" = "ENABLE_RUNTIME_MOD=NO"
    Info: Parameter "LPM_WIDTH" = "3"
    Info: Parameter "LPM_CVALUE" = "0"
Warning: Using design file lpm_constant5.tdf, which is not specified as a design file for the current project, but contains definitions for 1 design units and 1 entities in project
    Info: Found entity 1: lpm_constant5
Info: Elaborating entity "lpm_constant5" for hierarchy "lpm_constant5:inst16"
Info: Elaborating entity "lpm_constant" for hierarchy "lpm_constant5:inst16|lpm_constant:lpm_constant_component"
Info: Elaborated megafunction instantiation "lpm_constant5:inst16|lpm_constant:lpm_constant_component"
Info: Instantiated megafunction "lpm_constant5:inst16|lpm_constant:lpm_constant_component" with the following parameter:
    Info: Parameter "LPM_TYPE" = "LPM_CONSTANT"
    Info: Parameter "LPM_HINT" = "ENABLE_RUNTIME_MOD=NO"
    Info: Parameter "LPM_WIDTH" = "3"
    Info: Parameter "LPM_CVALUE" = "1"
Warning: Using design file lpm_constant6.tdf, which is not specified as a design file for the current project, but contains definitions for 1 design units and 1 entities in project
    Info: Found entity 1: lpm_constant6
Info: Elaborating entity "lpm_constant6" for hierarchy "lpm_constant6:inst17"
Info: Elaborating entity "lpm_constant" for hierarchy "lpm_constant6:inst17|lpm_constant:lpm_constant_component"
Info: Elaborated megafunction instantiation "lpm_constant6:inst17|lpm_constant:lpm_constant_component"
Info: Instantiated megafunction "lpm_constant6:inst17|lpm_constant:lpm_constant_component" with the following parameter:
    Info: Parameter "LPM_TYPE" = "LPM_CONSTANT"
    Info: Parameter "LPM_HINT" = "ENABLE_RUNTIME_MOD=NO"
    Info: Parameter "LPM_WIDTH" = "3"
    Info: Parameter "LPM_CVALUE" = "2"
Warning: Using design file lpm_constant7.tdf, which is not specified as a design file for the current project, but contains definitions for 1 design units and 1 entities in project
    Info: Found entity 1: lpm_constant7
Info: Elaborating entity "lpm_constant7" for hierarchy "lpm_constant7:inst21"
Info: Elaborating entity "lpm_constant" for hierarchy "lpm_constant7:inst21|lpm_constant:lpm_constant_component"
Info: Elaborated megafunction instantiation "lpm_constant7:inst21|lpm_constant:lpm_constant_component"
Info: Instantiated megafunction "lpm_constant7:inst21|lpm_constant:lpm_constant_component" with the following parameter:
    Info: Parameter "LPM_TYPE" = "LPM_CONSTANT"
    Info: Parameter "LPM_HINT" = "ENABLE_RUNTIME_MOD=NO"
    Info: Parameter "LPM_WIDTH" = "3"
    Info: Parameter "LPM_CVALUE" = "3"
Warning: Using design file lpm_constant8.tdf, which is not specified as a design file for the current project, but contains definitions for 1 design units and 1 entities in project
    Info: Found entity 1: lpm_constant8
Info: Elaborating entity "lpm_constant8" for hierarchy "lpm_constant8:inst22"
Info: Elaborating entity "lpm_constant" for hierarchy "lpm_constant8:inst22|lpm_constant:lpm_constant_component"
Info: Elaborated megafunction instantiation "lpm_constant8:inst22|lpm_constant:lpm_constant_component"
Info: Instantiated megafunction "lpm_constant8:inst22|lpm_constant:lpm_constant_component" with the following parameter:
    Info: Parameter "LPM_TYPE" = "LPM_CONSTANT"
    Info: Parameter "LPM_HINT" = "ENABLE_RUNTIME_MOD=NO"
    Info: Parameter "LPM_WIDTH" = "3"
    Info: Parameter "LPM_CVALUE" = "4"
Warning: Tri-state node(s) do not directly drive top-level pin(s)
    Warning: Converted the fan-out from the tri-state buffer "Master:inst43|lpm_bustri0:inst15|lpm_bustri:lpm_bustri_component|dout[2]" to the node "Block6:inst14|inst8" into an OR gate
    Warning: Converted the fan-out from the tri-state buffer "Master:inst43|lpm_bustri0:inst15|lpm_bustri:lpm_bustri_component|dout[1]" to the node "Block6:inst13|lpm_compare0:inst3|lpm_compare:lpm_compare_component|cmpr_aig:auto_generated|data_wire[0]" into an OR gate
    Warning: Converted the fan-out from the tri-state buffer "Master:inst43|lpm_bustri0:inst15|lpm_bustri:lpm_bustri_component|dout[0]" to the node "Block6:inst13|lpm_compare0:inst3|lpm_compare:lpm_compare_component|cmpr_aig:auto_generated|data_wire[0]" into an OR gate
Info: Implemented 126 device resources after synthesis - the final resource count might be different
    Info: Implemented 5 input pins
    Info: Implemented 55 output pins
    Info: Implemented 66 logic cells
Info: Quartus II Analysis & Synthesis was successful. 0 errors, 25 warnings
    Info: Peak virtual memory: 232 megabytes
    Info: Processing ended: Sun Feb 01 15:50:56 2026
    Info: Elapsed time: 00:00:03
    Info: Total CPU time (on all processors): 00:00:01


