Classic Timing Analyzer report for Master
Sun Feb 01 15:51:06 2026
Quartus II Version 9.1 Build 222 10/21/2009 SJ Web Edition


---------------------
; Table of Contents ;
---------------------
  1. Legal Notice
  2. Timing Analyzer Summary
  3. Timing Analyzer Settings
  4. Clock Settings Summary
  5. Parallel Compilation
  6. Clock Setup: 'CLK'
  7. tsu
  8. tco
  9. tpd
 10. th
 11. Timing Analyzer Messages



----------------
; Legal Notice ;
----------------
Copyright (C) 1991-2009 Altera Corporation
Your use of Altera Corporation's design tools, logic functions 
and other software and tools, and its AMPP partner logic 
functions, and any output files from any of the foregoing 
(including device programming or simulation files), and any 
associated documentation or information are expressly subject 
to the terms and conditions of the Altera Program License 
Subscription Agreement, Altera MegaCore Function License 
Agreement, or other applicable license agreement, including, 
without limitation, that your use is for the sole purpose of 
programming logic devices manufactured by Altera and sold by 
Altera or its authorized distributors.  Please refer to the 
applicable agreement for further details.



+---------------------------------------------------------------------------------------------------------------------------------------------------------------------------------------------------------------------------------------------------------------+
; Timing Analyzer Summary                                                                                                                                                                                                                                       ;
+------------------------------+-------+---------------+----------------------------------+----------------------+-------------------------------------------------------------------------------------------------------+------------+----------+--------------+
; Type                         ; Slack ; Required Time ; Actual Time                      ; From                 ; To                                                                                                    ; From Clock ; To Clock ; Failed Paths ;
+------------------------------+-------+---------------+----------------------------------+----------------------+-------------------------------------------------------------------------------------------------------+------------+----------+--------------+
; Worst-case tsu               ; N/A   ; None          ; 2.729 ns                         ; Set_request[2]       ; Block3:inst42|inst~DUPLICATE                                                                          ; --         ; CLK      ; 0            ;
; Worst-case tco               ; N/A   ; None          ; 11.413 ns                        ; Block3:inst42|inst36 ; Out3[6]                                                                                               ; CLK        ; --       ; 0            ;
; Worst-case tpd               ; N/A   ; None          ; 10.527 ns                        ; CLK                  ; Out3[6]                                                                                               ; --         ; --       ; 0            ;
; Worst-case th                ; N/A   ; None          ; 0.595 ns                         ; Set_request[0]       ; Block5:inst41|inst                                                                                    ; --         ; CLK      ; 0            ;
; Clock Setup: 'CLK'           ; N/A   ; None          ; 233.10 MHz ( period = 4.290 ns ) ; Block5:inst41|inst36 ; Block5:inst41|lpm_counter4:inst35|lpm_counter:lpm_counter_component|cntr_7oi:auto_generated|safe_q[0] ; CLK        ; CLK      ; 0            ;
; Total number of failed paths ;       ;               ;                                  ;                      ;                                                                                                       ;            ;          ; 0            ;
+------------------------------+-------+---------------+----------------------------------+----------------------+-------------------------------------------------------------------------------------------------------+------------+----------+--------------+


+-----------------------------------------------------------------------------------------------------------------------------------------------------+
; Timing Analyzer Settings                                                                                                                            ;
+------------------------------------------------------------------------------------------------------+--------------------+------+----+-------------+
; Option                                                                                               ; Setting            ; From ; To ; Entity Name ;
+------------------------------------------------------------------------------------------------------+--------------------+------+----+-------------+
; Device Name                                                                                          ; EP2S15F484C3       ;      ;    ;             ;
; Timing Models                                                                                        ; Final              ;      ;    ;             ;
; Default hold multicycle                                                                              ; Same as Multicycle ;      ;    ;             ;
; Cut paths between unrelated clock domains                                                            ; On                 ;      ;    ;             ;
; Cut off read during write signal paths                                                               ; On                 ;      ;    ;             ;
; Cut off feedback from I/O pins                                                                       ; On                 ;      ;    ;             ;
; Report Combined Fast/Slow Timing                                                                     ; Off                ;      ;    ;             ;
; Ignore Clock Settings                                                                                ; Off                ;      ;    ;             ;
; Analyze latches as synchronous elements                                                              ; On                 ;      ;    ;             ;
; Enable Recovery/Removal analysis                                                                     ; Off                ;      ;    ;             ;
; Enable Clock Latency                                                                                 ; Off                ;      ;    ;             ;
; Use TimeQuest Timing Analyzer                                                                        ; Off                ;      ;    ;             ;
; Number of source nodes to report per destination node                                                ; 10                 ;      ;    ;             ;
; Number of destination nodes to report                                                                ; 10                 ;      ;    ;             ;
; Number of paths to report                                                                            ; 200                ;      ;    ;             ;
; Report Minimum Timing Checks                                                                         ; Off                ;      ;    ;             ;
; Use Fast Timing Models                                                                               ; Off                ;      ;    ;             ;
; Report IO Paths Separately                                                                           ; Off                ;      ;    ;             ;
; Perform Multicorner Analysis                                                                         ; On                 ;      ;    ;             ;
; Reports the worst-case path for each clock domain and analysis                                       ; Off                ;      ;    ;             ;
; Reports worst-case timing paths for each clock domain and analysis                                   ; Off                ;      ;    ;             ;
; Specifies the maximum number of worst-case timing paths to report for each clock domain and analysis ; 100                ;      ;    ;             ;
; Removes common clock path pessimism (CCPP) during slack computation                                  ; Off                ;      ;    ;             ;
; Output I/O Timing Endpoint                                                                           ; Near End           ;      ;    ;             ;
+------------------------------------------------------------------------------------------------------+--------------------+------+----+-------------+


+------------------------------------------------------------------------------------------------------------------------------------------------------------------------------------+
; Clock Settings Summary                                                                                                                                                             ;
+-----------------+--------------------+----------+------------------+---------------+--------------+----------+-----------------------+---------------------+--------+--------------+
; Clock Node Name ; Clock Setting Name ; Type     ; Fmax Requirement ; Early Latency ; Late Latency ; Based on ; Multiply Base Fmax by ; Divide Base Fmax by ; Offset ; Phase offset ;
+-----------------+--------------------+----------+------------------+---------------+--------------+----------+-----------------------+---------------------+--------+--------------+
; CLK             ;                    ; User Pin ; None             ; 0.000 ns      ; 0.000 ns     ; --       ; N/A                   ; N/A                 ; N/A    ;              ;
+-----------------+--------------------+----------+------------------+---------------+--------------+----------+-----------------------+---------------------+--------+--------------+


Parallel compilation was disabled, but you have multiple processors available. Enable parallel compilation to reduce compilation time.
+-------------------------------------+
; Parallel Compilation                ;
+----------------------------+--------+
; Processors                 ; Number ;
+----------------------------+--------+
; Number detected on machine ; 12     ;
; Maximum allowed            ; 1      ;
+----------------------------+--------+


+------------------------------------------------------------------------------------------------------------------------------------------------------------------------------------------------------------------------------------------------------------------------------------------------------------------------------------------------------------------------------------+
; Clock Setup: 'CLK'                                                                                                                                                                                                                                                                                                                                                                 ;
+-------+------------------------------------------------+-------------------------------------------------------------------------------------------------------+-------------------------------------------------------------------------------------------------------+------------+----------+-----------------------------+---------------------------+-------------------------+
; Slack ; Actual fmax (period)                           ; From                                                                                                  ; To                                                                                                    ; From Clock ; To Clock ; Required Setup Relationship ; Required Longest P2P Time ; Actual Longest P2P Time ;
+-------+------------------------------------------------+-------------------------------------------------------------------------------------------------------+-------------------------------------------------------------------------------------------------------+------------+----------+-----------------------------+---------------------------+-------------------------+
; N/A   ; 233.10 MHz ( period = 4.290 ns )               ; Block5:inst41|inst36                                                                                  ; Block5:inst41|lpm_counter4:inst35|lpm_counter:lpm_counter_component|cntr_7oi:auto_generated|safe_q[2] ; CLK        ; CLK      ; None                        ; None                      ; 1.010 ns                ;
; N/A   ; 233.10 MHz ( period = 4.290 ns )               ; Block5:inst41|inst36                                                                                  ; Block5:inst41|lpm_counter4:inst35|lpm_counter:lpm_counter_component|cntr_7oi:auto_generated|safe_q[1] ; CLK        ; CLK      ; None                        ; None                      ; 1.010 ns                ;
; N/A   ; 233.10 MHz ( period = 4.290 ns )               ; Block5:inst41|inst36                                                                                  ; Block5:inst41|lpm_counter4:inst35|lpm_counter:lpm_counter_component|cntr_7oi:auto_generated|safe_q[0] ; CLK        ; CLK      ; None                        ; None                      ; 1.010 ns                ;
; N/A   ; 239.46 MHz ( period = 4.176 ns )               ; Block3:inst42|inst36                                                                                  ; Block3:inst42|lpm_counter4:inst35|lpm_counter:lpm_counter_component|cntr_7oi:auto_generated|safe_q[0] ; CLK        ; CLK      ; None                        ; None                      ; 1.075 ns                ;
; N/A   ; 239.46 MHz ( period = 4.176 ns )               ; Block3:inst42|inst36                                                                                  ; Block3:inst42|lpm_counter4:inst35|lpm_counter:lpm_counter_component|cntr_7oi:auto_generated|safe_q[1] ; CLK        ; CLK      ; None                        ; None                      ; 1.075 ns                ;
; N/A   ; 239.46 MHz ( period = 4.176 ns )               ; Block3:inst42|inst36                                                                                  ; Block3:inst42|lpm_counter4:inst35|lpm_counter:lpm_counter_component|cntr_7oi:auto_generated|safe_q[2] ; CLK        ; CLK      ; None                        ; None                      ; 1.075 ns                ;
; N/A   ; 239.92 MHz ( period = 4.168 ns )               ; Block3:inst42|inst                                                                                    ; Block4:inst|inst36                                                                                    ; CLK        ; CLK      ; None                        ; None                      ; 1.845 ns                ;
; N/A   ; 242.60 MHz ( period = 4.122 ns )               ; Block3:inst42|inst~DUPLICATE                                                                          ; Block5:inst41|inst36                                                                                  ; CLK        ; CLK      ; None                        ; None                      ; 1.877 ns                ;
; N/A   ; 248.02 MHz ( period = 4.032 ns )               ; Master:inst43|inst36                                                                                  ; Master:inst43|lpm_counter4:inst35|lpm_counter:lpm_counter_component|cntr_7oi:auto_generated|safe_q[0] ; CLK        ; CLK      ; None                        ; None                      ; 1.096 ns                ;
; N/A   ; 248.02 MHz ( period = 4.032 ns )               ; Master:inst43|inst36                                                                                  ; Master:inst43|lpm_counter4:inst35|lpm_counter:lpm_counter_component|cntr_7oi:auto_generated|safe_q[2] ; CLK        ; CLK      ; None                        ; None                      ; 1.096 ns                ;
; N/A   ; 248.02 MHz ( period = 4.032 ns )               ; Master:inst43|inst36                                                                                  ; Master:inst43|lpm_counter4:inst35|lpm_counter:lpm_counter_component|cntr_7oi:auto_generated|safe_q[1] ; CLK        ; CLK      ; None                        ; None                      ; 1.096 ns                ;
; N/A   ; 251.89 MHz ( period = 3.970 ns )               ; Block4:inst|inst                                                                                      ; Block4:inst|inst36                                                                                    ; CLK        ; CLK      ; None                        ; None                      ; 1.754 ns                ;
; N/A   ; 252.78 MHz ( period = 3.956 ns )               ; Block4:inst|inst                                                                                      ; Block5:inst41|inst36                                                                                  ; CLK        ; CLK      ; None                        ; None                      ; 1.802 ns                ;
; N/A   ; 256.02 MHz ( period = 3.906 ns )               ; Block3:inst42|inst                                                                                    ; Block3:inst42|inst36                                                                                  ; CLK        ; CLK      ; None                        ; None                      ; 1.608 ns                ;
; N/A   ; 257.60 MHz ( period = 3.882 ns )               ; Block5:inst41|inst36                                                                                  ; Block5:inst41|lpm_counter0:inst6|lpm_counter:lpm_counter_component|cntr_poi:auto_generated|safe_q[2]  ; CLK        ; CLK      ; None                        ; None                      ; 1.010 ns                ;
; N/A   ; 257.60 MHz ( period = 3.882 ns )               ; Block5:inst41|inst36                                                                                  ; Block5:inst41|lpm_counter0:inst6|lpm_counter:lpm_counter_component|cntr_poi:auto_generated|safe_q[0]  ; CLK        ; CLK      ; None                        ; None                      ; 1.010 ns                ;
; N/A   ; 257.60 MHz ( period = 3.882 ns )               ; Block5:inst41|inst36                                                                                  ; Block5:inst41|lpm_counter0:inst6|lpm_counter:lpm_counter_component|cntr_poi:auto_generated|safe_q[1]  ; CLK        ; CLK      ; None                        ; None                      ; 1.010 ns                ;
; N/A   ; 260.28 MHz ( period = 3.842 ns )               ; Master:inst43|inst36                                                                                  ; Master:inst43|lpm_counter0:inst6|lpm_counter:lpm_counter_component|cntr_poi:auto_generated|safe_q[2]  ; CLK        ; CLK      ; None                        ; None                      ; 1.096 ns                ;
; N/A   ; 260.28 MHz ( period = 3.842 ns )               ; Master:inst43|inst36                                                                                  ; Master:inst43|lpm_counter0:inst6|lpm_counter:lpm_counter_component|cntr_poi:auto_generated|safe_q[1]  ; CLK        ; CLK      ; None                        ; None                      ; 1.096 ns                ;
; N/A   ; 260.28 MHz ( period = 3.842 ns )               ; Master:inst43|inst36                                                                                  ; Master:inst43|lpm_counter0:inst6|lpm_counter:lpm_counter_component|cntr_poi:auto_generated|safe_q[0]  ; CLK        ; CLK      ; None                        ; None                      ; 1.096 ns                ;
; N/A   ; 261.10 MHz ( period = 3.830 ns )               ; Block4:inst|inst36                                                                                    ; Block4:inst|lpm_counter4:inst35|lpm_counter:lpm_counter_component|cntr_7oi:auto_generated|safe_q[0]   ; CLK        ; CLK      ; None                        ; None                      ; 0.997 ns                ;
; N/A   ; 261.10 MHz ( period = 3.830 ns )               ; Block4:inst|inst36                                                                                    ; Block4:inst|lpm_counter4:inst35|lpm_counter:lpm_counter_component|cntr_7oi:auto_generated|safe_q[1]   ; CLK        ; CLK      ; None                        ; None                      ; 0.997 ns                ;
; N/A   ; 261.10 MHz ( period = 3.830 ns )               ; Block4:inst|inst36                                                                                    ; Block4:inst|lpm_counter4:inst35|lpm_counter:lpm_counter_component|cntr_7oi:auto_generated|safe_q[2]   ; CLK        ; CLK      ; None                        ; None                      ; 0.997 ns                ;
; N/A   ; 296.74 MHz ( period = 3.370 ns )               ; Block3:inst42|inst36                                                                                  ; Block3:inst42|lpm_counter0:inst6|lpm_counter:lpm_counter_component|cntr_poi:auto_generated|safe_q[2]  ; CLK        ; CLK      ; None                        ; None                      ; 1.075 ns                ;
; N/A   ; 296.74 MHz ( period = 3.370 ns )               ; Block3:inst42|inst36                                                                                  ; Block3:inst42|lpm_counter0:inst6|lpm_counter:lpm_counter_component|cntr_poi:auto_generated|safe_q[1]  ; CLK        ; CLK      ; None                        ; None                      ; 1.075 ns                ;
; N/A   ; 296.74 MHz ( period = 3.370 ns )               ; Block3:inst42|inst36                                                                                  ; Block3:inst42|lpm_counter0:inst6|lpm_counter:lpm_counter_component|cntr_poi:auto_generated|safe_q[0]  ; CLK        ; CLK      ; None                        ; None                      ; 1.075 ns                ;
; N/A   ; 298.33 MHz ( period = 3.352 ns )               ; Block4:inst|inst36                                                                                    ; Block4:inst|lpm_counter0:inst6|lpm_counter:lpm_counter_component|cntr_poi:auto_generated|safe_q[2]    ; CLK        ; CLK      ; None                        ; None                      ; 0.997 ns                ;
; N/A   ; 298.33 MHz ( period = 3.352 ns )               ; Block4:inst|inst36                                                                                    ; Block4:inst|lpm_counter0:inst6|lpm_counter:lpm_counter_component|cntr_poi:auto_generated|safe_q[1]    ; CLK        ; CLK      ; None                        ; None                      ; 0.997 ns                ;
; N/A   ; 298.33 MHz ( period = 3.352 ns )               ; Block4:inst|inst36                                                                                    ; Block4:inst|lpm_counter0:inst6|lpm_counter:lpm_counter_component|cntr_poi:auto_generated|safe_q[0]    ; CLK        ; CLK      ; None                        ; None                      ; 0.997 ns                ;
; N/A   ; 304.32 MHz ( period = 3.286 ns )               ; Block5:inst41|inst                                                                                    ; Block5:inst41|inst36                                                                                  ; CLK        ; CLK      ; None                        ; None                      ; 1.468 ns                ;
; N/A   ; 336.47 MHz ( period = 2.972 ns )               ; Master:inst43|inst                                                                                    ; Block3:inst42|inst36                                                                                  ; CLK        ; CLK      ; None                        ; None                      ; 1.149 ns                ;
; N/A   ; 357.14 MHz ( period = 2.800 ns )               ; Master:inst43|inst                                                                                    ; Block4:inst|inst36                                                                                    ; CLK        ; CLK      ; None                        ; None                      ; 1.169 ns                ;
; N/A   ; 358.68 MHz ( period = 2.788 ns )               ; Master:inst43|inst                                                                                    ; Block5:inst41|inst36                                                                                  ; CLK        ; CLK      ; None                        ; None                      ; 1.218 ns                ;
; N/A   ; 359.45 MHz ( period = 2.782 ns )               ; Block5:inst41|inst36                                                                                  ; Block3:inst42|inst36                                                                                  ; CLK        ; CLK      ; None                        ; None                      ; 1.693 ns                ;
; N/A   ; 366.57 MHz ( period = 2.728 ns )               ; Block4:inst|inst36                                                                                    ; Block3:inst42|inst36                                                                                  ; CLK        ; CLK      ; None                        ; None                      ; 1.899 ns                ;
; N/A   ; 374.95 MHz ( period = 2.667 ns )               ; Block5:inst41|inst36                                                                                  ; Block4:inst|inst36                                                                                    ; CLK        ; CLK      ; None                        ; None                      ; 1.684 ns                ;
; N/A   ; 378.93 MHz ( period = 2.639 ns )               ; Block4:inst|inst36                                                                                    ; Block5:inst41|inst36                                                                                  ; CLK        ; CLK      ; None                        ; None                      ; 1.971 ns                ;
; N/A   ; 381.83 MHz ( period = 2.619 ns )               ; Block3:inst42|inst36                                                                                  ; Block5:inst41|inst36                                                                                  ; CLK        ; CLK      ; None                        ; None                      ; 2.021 ns                ;
; N/A   ; 390.02 MHz ( period = 2.564 ns )               ; Block3:inst42|inst36                                                                                  ; Block4:inst|inst36                                                                                    ; CLK        ; CLK      ; None                        ; None                      ; 1.911 ns                ;
; N/A   ; 393.55 MHz ( period = 2.541 ns )               ; Master:inst43|inst36                                                                                  ; Block3:inst42|inst36                                                                                  ; CLK        ; CLK      ; None                        ; None                      ; 1.556 ns                ;
; N/A   ; 407.00 MHz ( period = 2.457 ns )               ; Master:inst43|inst36                                                                                  ; Block5:inst41|inst36                                                                                  ; CLK        ; CLK      ; None                        ; None                      ; 1.633 ns                ;
; N/A   ; 411.02 MHz ( period = 2.433 ns )               ; Master:inst43|inst36                                                                                  ; Block4:inst|inst36                                                                                    ; CLK        ; CLK      ; None                        ; None                      ; 1.554 ns                ;
; N/A   ; 452.49 MHz ( period = 2.210 ns )               ; Block5:inst41|inst36                                                                                  ; Master:inst43|inst36                                                                                  ; CLK        ; CLK      ; None                        ; None                      ; 1.370 ns                ;
; N/A   ; 462.96 MHz ( period = 2.160 ns )               ; Master:inst43|inst                                                                                    ; Master:inst43|inst36                                                                                  ; CLK        ; CLK      ; None                        ; None                      ; 0.992 ns                ;
; N/A   ; Restricted to 500.00 MHz ( period = 2.000 ns ) ; Block4:inst|inst36                                                                                    ; Master:inst43|inst36                                                                                  ; CLK        ; CLK      ; None                        ; None                      ; 1.367 ns                ;
; N/A   ; Restricted to 500.00 MHz ( period = 2.000 ns ) ; Block3:inst42|inst36                                                                                  ; Master:inst43|inst36                                                                                  ; CLK        ; CLK      ; None                        ; None                      ; 1.407 ns                ;
; N/A   ; Restricted to 500.00 MHz ( period = 2.000 ns ) ; Block3:inst42|lpm_counter4:inst35|lpm_counter:lpm_counter_component|cntr_7oi:auto_generated|safe_q[0] ; Block3:inst42|lpm_counter4:inst35|lpm_counter:lpm_counter_component|cntr_7oi:auto_generated|safe_q[1] ; CLK        ; CLK      ; None                        ; None                      ; 1.313 ns                ;
; N/A   ; Restricted to 500.00 MHz ( period = 2.000 ns ) ; Master:inst43|lpm_counter0:inst6|lpm_counter:lpm_counter_component|cntr_poi:auto_generated|safe_q[2]  ; Master:inst43|lpm_counter0:inst6|lpm_counter:lpm_counter_component|cntr_poi:auto_generated|safe_q[2]  ; CLK        ; CLK      ; None                        ; None                      ; 1.256 ns                ;
; N/A   ; Restricted to 500.00 MHz ( period = 2.000 ns ) ; Master:inst43|lpm_counter0:inst6|lpm_counter:lpm_counter_component|cntr_poi:auto_generated|safe_q[2]  ; Master:inst43|lpm_counter0:inst6|lpm_counter:lpm_counter_component|cntr_poi:auto_generated|safe_q[1]  ; CLK        ; CLK      ; None                        ; None                      ; 1.256 ns                ;
; N/A   ; Restricted to 500.00 MHz ( period = 2.000 ns ) ; Master:inst43|lpm_counter0:inst6|lpm_counter:lpm_counter_component|cntr_poi:auto_generated|safe_q[2]  ; Master:inst43|lpm_counter0:inst6|lpm_counter:lpm_counter_component|cntr_poi:auto_generated|safe_q[0]  ; CLK        ; CLK      ; None                        ; None                      ; 1.256 ns                ;
; N/A   ; Restricted to 500.00 MHz ( period = 2.000 ns ) ; Block3:inst42|lpm_counter4:inst35|lpm_counter:lpm_counter_component|cntr_7oi:auto_generated|safe_q[1] ; Block3:inst42|lpm_counter4:inst35|lpm_counter:lpm_counter_component|cntr_7oi:auto_generated|safe_q[1] ; CLK        ; CLK      ; None                        ; None                      ; 1.255 ns                ;
; N/A   ; Restricted to 500.00 MHz ( period = 2.000 ns ) ; Block3:inst42|lpm_counter4:inst35|lpm_counter:lpm_counter_component|cntr_7oi:auto_generated|safe_q[0] ; Block3:inst42|lpm_counter4:inst35|lpm_counter:lpm_counter_component|cntr_7oi:auto_generated|safe_q[2] ; CLK        ; CLK      ; None                        ; None                      ; 1.212 ns                ;
; N/A   ; Restricted to 500.00 MHz ( period = 2.000 ns ) ; Block3:inst42|lpm_counter4:inst35|lpm_counter:lpm_counter_component|cntr_7oi:auto_generated|safe_q[1] ; Block3:inst42|lpm_counter4:inst35|lpm_counter:lpm_counter_component|cntr_7oi:auto_generated|safe_q[2] ; CLK        ; CLK      ; None                        ; None                      ; 1.176 ns                ;
; N/A   ; Restricted to 500.00 MHz ( period = 2.000 ns ) ; Block4:inst|lpm_counter0:inst6|lpm_counter:lpm_counter_component|cntr_poi:auto_generated|safe_q[2]    ; Block4:inst|lpm_counter0:inst6|lpm_counter:lpm_counter_component|cntr_poi:auto_generated|safe_q[2]    ; CLK        ; CLK      ; None                        ; None                      ; 1.159 ns                ;
; N/A   ; Restricted to 500.00 MHz ( period = 2.000 ns ) ; Block4:inst|lpm_counter0:inst6|lpm_counter:lpm_counter_component|cntr_poi:auto_generated|safe_q[2]    ; Block4:inst|lpm_counter0:inst6|lpm_counter:lpm_counter_component|cntr_poi:auto_generated|safe_q[1]    ; CLK        ; CLK      ; None                        ; None                      ; 1.159 ns                ;
; N/A   ; Restricted to 500.00 MHz ( period = 2.000 ns ) ; Block4:inst|lpm_counter0:inst6|lpm_counter:lpm_counter_component|cntr_poi:auto_generated|safe_q[2]    ; Block4:inst|lpm_counter0:inst6|lpm_counter:lpm_counter_component|cntr_poi:auto_generated|safe_q[0]    ; CLK        ; CLK      ; None                        ; None                      ; 1.159 ns                ;
; N/A   ; Restricted to 500.00 MHz ( period = 2.000 ns ) ; Block3:inst42|lpm_counter0:inst6|lpm_counter:lpm_counter_component|cntr_poi:auto_generated|safe_q[2]  ; Block3:inst42|lpm_counter0:inst6|lpm_counter:lpm_counter_component|cntr_poi:auto_generated|safe_q[2]  ; CLK        ; CLK      ; None                        ; None                      ; 1.151 ns                ;
; N/A   ; Restricted to 500.00 MHz ( period = 2.000 ns ) ; Block3:inst42|lpm_counter0:inst6|lpm_counter:lpm_counter_component|cntr_poi:auto_generated|safe_q[2]  ; Block3:inst42|lpm_counter0:inst6|lpm_counter:lpm_counter_component|cntr_poi:auto_generated|safe_q[1]  ; CLK        ; CLK      ; None                        ; None                      ; 1.151 ns                ;
; N/A   ; Restricted to 500.00 MHz ( period = 2.000 ns ) ; Block3:inst42|lpm_counter0:inst6|lpm_counter:lpm_counter_component|cntr_poi:auto_generated|safe_q[2]  ; Block3:inst42|lpm_counter0:inst6|lpm_counter:lpm_counter_component|cntr_poi:auto_generated|safe_q[0]  ; CLK        ; CLK      ; None                        ; None                      ; 1.151 ns                ;
; N/A   ; Restricted to 500.00 MHz ( period = 2.000 ns ) ; Block3:inst42|lpm_counter4:inst35|lpm_counter:lpm_counter_component|cntr_7oi:auto_generated|safe_q[0] ; Block3:inst42|lpm_counter4:inst35|lpm_counter:lpm_counter_component|cntr_7oi:auto_generated|safe_q[0] ; CLK        ; CLK      ; None                        ; None                      ; 1.117 ns                ;
; N/A   ; Restricted to 500.00 MHz ( period = 2.000 ns ) ; Block3:inst42|lpm_counter0:inst6|lpm_counter:lpm_counter_component|cntr_poi:auto_generated|safe_q[1]  ; Block3:inst42|lpm_counter0:inst6|lpm_counter:lpm_counter_component|cntr_poi:auto_generated|safe_q[2]  ; CLK        ; CLK      ; None                        ; None                      ; 1.098 ns                ;
; N/A   ; Restricted to 500.00 MHz ( period = 2.000 ns ) ; Block3:inst42|lpm_counter0:inst6|lpm_counter:lpm_counter_component|cntr_poi:auto_generated|safe_q[1]  ; Block3:inst42|lpm_counter0:inst6|lpm_counter:lpm_counter_component|cntr_poi:auto_generated|safe_q[1]  ; CLK        ; CLK      ; None                        ; None                      ; 1.098 ns                ;
; N/A   ; Restricted to 500.00 MHz ( period = 2.000 ns ) ; Block3:inst42|lpm_counter0:inst6|lpm_counter:lpm_counter_component|cntr_poi:auto_generated|safe_q[1]  ; Block3:inst42|lpm_counter0:inst6|lpm_counter:lpm_counter_component|cntr_poi:auto_generated|safe_q[0]  ; CLK        ; CLK      ; None                        ; None                      ; 1.098 ns                ;
; N/A   ; Restricted to 500.00 MHz ( period = 2.000 ns ) ; Block4:inst|lpm_counter0:inst6|lpm_counter:lpm_counter_component|cntr_poi:auto_generated|safe_q[1]    ; Block4:inst|lpm_counter0:inst6|lpm_counter:lpm_counter_component|cntr_poi:auto_generated|safe_q[2]    ; CLK        ; CLK      ; None                        ; None                      ; 1.097 ns                ;
; N/A   ; Restricted to 500.00 MHz ( period = 2.000 ns ) ; Block4:inst|lpm_counter0:inst6|lpm_counter:lpm_counter_component|cntr_poi:auto_generated|safe_q[1]    ; Block4:inst|lpm_counter0:inst6|lpm_counter:lpm_counter_component|cntr_poi:auto_generated|safe_q[1]    ; CLK        ; CLK      ; None                        ; None                      ; 1.097 ns                ;
; N/A   ; Restricted to 500.00 MHz ( period = 2.000 ns ) ; Block4:inst|lpm_counter0:inst6|lpm_counter:lpm_counter_component|cntr_poi:auto_generated|safe_q[1]    ; Block4:inst|lpm_counter0:inst6|lpm_counter:lpm_counter_component|cntr_poi:auto_generated|safe_q[0]    ; CLK        ; CLK      ; None                        ; None                      ; 1.097 ns                ;
; N/A   ; Restricted to 500.00 MHz ( period = 2.000 ns ) ; Master:inst43|lpm_counter0:inst6|lpm_counter:lpm_counter_component|cntr_poi:auto_generated|safe_q[1]  ; Master:inst43|lpm_counter0:inst6|lpm_counter:lpm_counter_component|cntr_poi:auto_generated|safe_q[2]  ; CLK        ; CLK      ; None                        ; None                      ; 1.091 ns                ;
; N/A   ; Restricted to 500.00 MHz ( period = 2.000 ns ) ; Master:inst43|lpm_counter0:inst6|lpm_counter:lpm_counter_component|cntr_poi:auto_generated|safe_q[1]  ; Master:inst43|lpm_counter0:inst6|lpm_counter:lpm_counter_component|cntr_poi:auto_generated|safe_q[1]  ; CLK        ; CLK      ; None                        ; None                      ; 1.091 ns                ;
; N/A   ; Restricted to 500.00 MHz ( period = 2.000 ns ) ; Master:inst43|lpm_counter0:inst6|lpm_counter:lpm_counter_component|cntr_poi:auto_generated|safe_q[1]  ; Master:inst43|lpm_counter0:inst6|lpm_counter:lpm_counter_component|cntr_poi:auto_generated|safe_q[0]  ; CLK        ; CLK      ; None                        ; None                      ; 1.091 ns                ;
; N/A   ; Restricted to 500.00 MHz ( period = 2.000 ns ) ; Block5:inst41|lpm_counter0:inst6|lpm_counter:lpm_counter_component|cntr_poi:auto_generated|safe_q[0]  ; Block5:inst41|lpm_counter0:inst6|lpm_counter:lpm_counter_component|cntr_poi:auto_generated|safe_q[2]  ; CLK        ; CLK      ; None                        ; None                      ; 1.089 ns                ;
; N/A   ; Restricted to 500.00 MHz ( period = 2.000 ns ) ; Block5:inst41|lpm_counter0:inst6|lpm_counter:lpm_counter_component|cntr_poi:auto_generated|safe_q[0]  ; Block5:inst41|lpm_counter0:inst6|lpm_counter:lpm_counter_component|cntr_poi:auto_generated|safe_q[0]  ; CLK        ; CLK      ; None                        ; None                      ; 1.089 ns                ;
; N/A   ; Restricted to 500.00 MHz ( period = 2.000 ns ) ; Block5:inst41|lpm_counter0:inst6|lpm_counter:lpm_counter_component|cntr_poi:auto_generated|safe_q[0]  ; Block5:inst41|lpm_counter0:inst6|lpm_counter:lpm_counter_component|cntr_poi:auto_generated|safe_q[1]  ; CLK        ; CLK      ; None                        ; None                      ; 1.089 ns                ;
; N/A   ; Restricted to 500.00 MHz ( period = 2.000 ns ) ; Block5:inst41|lpm_counter0:inst6|lpm_counter:lpm_counter_component|cntr_poi:auto_generated|safe_q[1]  ; Block5:inst41|lpm_counter0:inst6|lpm_counter:lpm_counter_component|cntr_poi:auto_generated|safe_q[2]  ; CLK        ; CLK      ; None                        ; None                      ; 1.062 ns                ;
; N/A   ; Restricted to 500.00 MHz ( period = 2.000 ns ) ; Block5:inst41|lpm_counter0:inst6|lpm_counter:lpm_counter_component|cntr_poi:auto_generated|safe_q[1]  ; Block5:inst41|lpm_counter0:inst6|lpm_counter:lpm_counter_component|cntr_poi:auto_generated|safe_q[0]  ; CLK        ; CLK      ; None                        ; None                      ; 1.062 ns                ;
; N/A   ; Restricted to 500.00 MHz ( period = 2.000 ns ) ; Block5:inst41|lpm_counter0:inst6|lpm_counter:lpm_counter_component|cntr_poi:auto_generated|safe_q[1]  ; Block5:inst41|lpm_counter0:inst6|lpm_counter:lpm_counter_component|cntr_poi:auto_generated|safe_q[1]  ; CLK        ; CLK      ; None                        ; None                      ; 1.062 ns                ;
; N/A   ; Restricted to 500.00 MHz ( period = 2.000 ns ) ; Block3:inst42|lpm_counter4:inst35|lpm_counter:lpm_counter_component|cntr_7oi:auto_generated|safe_q[2] ; Block3:inst42|lpm_counter4:inst35|lpm_counter:lpm_counter_component|cntr_7oi:auto_generated|safe_q[2] ; CLK        ; CLK      ; None                        ; None                      ; 1.054 ns                ;
; N/A   ; Restricted to 500.00 MHz ( period = 2.000 ns ) ; Block4:inst|lpm_counter0:inst6|lpm_counter:lpm_counter_component|cntr_poi:auto_generated|safe_q[0]    ; Block4:inst|lpm_counter0:inst6|lpm_counter:lpm_counter_component|cntr_poi:auto_generated|safe_q[2]    ; CLK        ; CLK      ; None                        ; None                      ; 0.892 ns                ;
; N/A   ; Restricted to 500.00 MHz ( period = 2.000 ns ) ; Block4:inst|lpm_counter0:inst6|lpm_counter:lpm_counter_component|cntr_poi:auto_generated|safe_q[0]    ; Block4:inst|lpm_counter0:inst6|lpm_counter:lpm_counter_component|cntr_poi:auto_generated|safe_q[1]    ; CLK        ; CLK      ; None                        ; None                      ; 0.892 ns                ;
; N/A   ; Restricted to 500.00 MHz ( period = 2.000 ns ) ; Block4:inst|lpm_counter0:inst6|lpm_counter:lpm_counter_component|cntr_poi:auto_generated|safe_q[0]    ; Block4:inst|lpm_counter0:inst6|lpm_counter:lpm_counter_component|cntr_poi:auto_generated|safe_q[0]    ; CLK        ; CLK      ; None                        ; None                      ; 0.892 ns                ;
; N/A   ; Restricted to 500.00 MHz ( period = 2.000 ns ) ; Master:inst43|lpm_counter0:inst6|lpm_counter:lpm_counter_component|cntr_poi:auto_generated|safe_q[0]  ; Master:inst43|lpm_counter0:inst6|lpm_counter:lpm_counter_component|cntr_poi:auto_generated|safe_q[2]  ; CLK        ; CLK      ; None                        ; None                      ; 0.885 ns                ;
; N/A   ; Restricted to 500.00 MHz ( period = 2.000 ns ) ; Master:inst43|lpm_counter0:inst6|lpm_counter:lpm_counter_component|cntr_poi:auto_generated|safe_q[0]  ; Master:inst43|lpm_counter0:inst6|lpm_counter:lpm_counter_component|cntr_poi:auto_generated|safe_q[1]  ; CLK        ; CLK      ; None                        ; None                      ; 0.885 ns                ;
; N/A   ; Restricted to 500.00 MHz ( period = 2.000 ns ) ; Master:inst43|lpm_counter0:inst6|lpm_counter:lpm_counter_component|cntr_poi:auto_generated|safe_q[0]  ; Master:inst43|lpm_counter0:inst6|lpm_counter:lpm_counter_component|cntr_poi:auto_generated|safe_q[0]  ; CLK        ; CLK      ; None                        ; None                      ; 0.885 ns                ;
; N/A   ; Restricted to 500.00 MHz ( period = 2.000 ns ) ; Block3:inst42|lpm_counter0:inst6|lpm_counter:lpm_counter_component|cntr_poi:auto_generated|safe_q[0]  ; Block3:inst42|lpm_counter0:inst6|lpm_counter:lpm_counter_component|cntr_poi:auto_generated|safe_q[2]  ; CLK        ; CLK      ; None                        ; None                      ; 0.885 ns                ;
; N/A   ; Restricted to 500.00 MHz ( period = 2.000 ns ) ; Block3:inst42|lpm_counter0:inst6|lpm_counter:lpm_counter_component|cntr_poi:auto_generated|safe_q[0]  ; Block3:inst42|lpm_counter0:inst6|lpm_counter:lpm_counter_component|cntr_poi:auto_generated|safe_q[1]  ; CLK        ; CLK      ; None                        ; None                      ; 0.885 ns                ;
; N/A   ; Restricted to 500.00 MHz ( period = 2.000 ns ) ; Block3:inst42|lpm_counter0:inst6|lpm_counter:lpm_counter_component|cntr_poi:auto_generated|safe_q[0]  ; Block3:inst42|lpm_counter0:inst6|lpm_counter:lpm_counter_component|cntr_poi:auto_generated|safe_q[0]  ; CLK        ; CLK      ; None                        ; None                      ; 0.885 ns                ;
; N/A   ; Restricted to 500.00 MHz ( period = 2.000 ns ) ; Block5:inst41|lpm_counter0:inst6|lpm_counter:lpm_counter_component|cntr_poi:auto_generated|safe_q[2]  ; Block5:inst41|lpm_counter0:inst6|lpm_counter:lpm_counter_component|cntr_poi:auto_generated|safe_q[2]  ; CLK        ; CLK      ; None                        ; None                      ; 0.875 ns                ;
; N/A   ; Restricted to 500.00 MHz ( period = 2.000 ns ) ; Block5:inst41|lpm_counter0:inst6|lpm_counter:lpm_counter_component|cntr_poi:auto_generated|safe_q[2]  ; Block5:inst41|lpm_counter0:inst6|lpm_counter:lpm_counter_component|cntr_poi:auto_generated|safe_q[0]  ; CLK        ; CLK      ; None                        ; None                      ; 0.875 ns                ;
; N/A   ; Restricted to 500.00 MHz ( period = 2.000 ns ) ; Block5:inst41|lpm_counter0:inst6|lpm_counter:lpm_counter_component|cntr_poi:auto_generated|safe_q[2]  ; Block5:inst41|lpm_counter0:inst6|lpm_counter:lpm_counter_component|cntr_poi:auto_generated|safe_q[1]  ; CLK        ; CLK      ; None                        ; None                      ; 0.875 ns                ;
; N/A   ; Restricted to 500.00 MHz ( period = 2.000 ns ) ; Master:inst43|lpm_counter4:inst35|lpm_counter:lpm_counter_component|cntr_7oi:auto_generated|safe_q[0] ; Master:inst43|lpm_counter4:inst35|lpm_counter:lpm_counter_component|cntr_7oi:auto_generated|safe_q[2] ; CLK        ; CLK      ; None                        ; None                      ; 0.715 ns                ;
; N/A   ; Restricted to 500.00 MHz ( period = 2.000 ns ) ; Block5:inst41|lpm_counter4:inst35|lpm_counter:lpm_counter_component|cntr_7oi:auto_generated|safe_q[0] ; Block5:inst41|lpm_counter4:inst35|lpm_counter:lpm_counter_component|cntr_7oi:auto_generated|safe_q[2] ; CLK        ; CLK      ; None                        ; None                      ; 0.715 ns                ;
; N/A   ; Restricted to 500.00 MHz ( period = 2.000 ns ) ; Block4:inst|lpm_counter4:inst35|lpm_counter:lpm_counter_component|cntr_7oi:auto_generated|safe_q[0]   ; Block4:inst|lpm_counter4:inst35|lpm_counter:lpm_counter_component|cntr_7oi:auto_generated|safe_q[2]   ; CLK        ; CLK      ; None                        ; None                      ; 0.715 ns                ;
; N/A   ; Restricted to 500.00 MHz ( period = 2.000 ns ) ; Master:inst43|lpm_counter4:inst35|lpm_counter:lpm_counter_component|cntr_7oi:auto_generated|safe_q[1] ; Master:inst43|lpm_counter4:inst35|lpm_counter:lpm_counter_component|cntr_7oi:auto_generated|safe_q[2] ; CLK        ; CLK      ; None                        ; None                      ; 0.680 ns                ;
; N/A   ; Restricted to 500.00 MHz ( period = 2.000 ns ) ; Master:inst43|lpm_counter4:inst35|lpm_counter:lpm_counter_component|cntr_7oi:auto_generated|safe_q[0] ; Master:inst43|lpm_counter4:inst35|lpm_counter:lpm_counter_component|cntr_7oi:auto_generated|safe_q[1] ; CLK        ; CLK      ; None                        ; None                      ; 0.680 ns                ;
; N/A   ; Restricted to 500.00 MHz ( period = 2.000 ns ) ; Block5:inst41|lpm_counter4:inst35|lpm_counter:lpm_counter_component|cntr_7oi:auto_generated|safe_q[1] ; Block5:inst41|lpm_counter4:inst35|lpm_counter:lpm_counter_component|cntr_7oi:auto_generated|safe_q[2] ; CLK        ; CLK      ; None                        ; None                      ; 0.680 ns                ;
; N/A   ; Restricted to 500.00 MHz ( period = 2.000 ns ) ; Block5:inst41|lpm_counter4:inst35|lpm_counter:lpm_counter_component|cntr_7oi:auto_generated|safe_q[0] ; Block5:inst41|lpm_counter4:inst35|lpm_counter:lpm_counter_component|cntr_7oi:auto_generated|safe_q[1] ; CLK        ; CLK      ; None                        ; None                      ; 0.680 ns                ;
; N/A   ; Restricted to 500.00 MHz ( period = 2.000 ns ) ; Block4:inst|lpm_counter4:inst35|lpm_counter:lpm_counter_component|cntr_7oi:auto_generated|safe_q[0]   ; Block4:inst|lpm_counter4:inst35|lpm_counter:lpm_counter_component|cntr_7oi:auto_generated|safe_q[1]   ; CLK        ; CLK      ; None                        ; None                      ; 0.680 ns                ;
; N/A   ; Restricted to 500.00 MHz ( period = 2.000 ns ) ; Block4:inst|lpm_counter4:inst35|lpm_counter:lpm_counter_component|cntr_7oi:auto_generated|safe_q[1]   ; Block4:inst|lpm_counter4:inst35|lpm_counter:lpm_counter_component|cntr_7oi:auto_generated|safe_q[2]   ; CLK        ; CLK      ; None                        ; None                      ; 0.680 ns                ;
; N/A   ; Restricted to 500.00 MHz ( period = 2.000 ns ) ; Master:inst43|lpm_counter4:inst35|lpm_counter:lpm_counter_component|cntr_7oi:auto_generated|safe_q[0] ; Master:inst43|lpm_counter4:inst35|lpm_counter:lpm_counter_component|cntr_7oi:auto_generated|safe_q[0] ; CLK        ; CLK      ; None                        ; None                      ; 0.609 ns                ;
; N/A   ; Restricted to 500.00 MHz ( period = 2.000 ns ) ; Master:inst43|lpm_counter4:inst35|lpm_counter:lpm_counter_component|cntr_7oi:auto_generated|safe_q[2] ; Master:inst43|lpm_counter4:inst35|lpm_counter:lpm_counter_component|cntr_7oi:auto_generated|safe_q[2] ; CLK        ; CLK      ; None                        ; None                      ; 0.609 ns                ;
; N/A   ; Restricted to 500.00 MHz ( period = 2.000 ns ) ; Master:inst43|lpm_counter4:inst35|lpm_counter:lpm_counter_component|cntr_7oi:auto_generated|safe_q[1] ; Master:inst43|lpm_counter4:inst35|lpm_counter:lpm_counter_component|cntr_7oi:auto_generated|safe_q[1] ; CLK        ; CLK      ; None                        ; None                      ; 0.609 ns                ;
; N/A   ; Restricted to 500.00 MHz ( period = 2.000 ns ) ; Block5:inst41|lpm_counter4:inst35|lpm_counter:lpm_counter_component|cntr_7oi:auto_generated|safe_q[2] ; Block5:inst41|lpm_counter4:inst35|lpm_counter:lpm_counter_component|cntr_7oi:auto_generated|safe_q[2] ; CLK        ; CLK      ; None                        ; None                      ; 0.609 ns                ;
; N/A   ; Restricted to 500.00 MHz ( period = 2.000 ns ) ; Block5:inst41|lpm_counter4:inst35|lpm_counter:lpm_counter_component|cntr_7oi:auto_generated|safe_q[1] ; Block5:inst41|lpm_counter4:inst35|lpm_counter:lpm_counter_component|cntr_7oi:auto_generated|safe_q[1] ; CLK        ; CLK      ; None                        ; None                      ; 0.609 ns                ;
; N/A   ; Restricted to 500.00 MHz ( period = 2.000 ns ) ; Block5:inst41|lpm_counter4:inst35|lpm_counter:lpm_counter_component|cntr_7oi:auto_generated|safe_q[0] ; Block5:inst41|lpm_counter4:inst35|lpm_counter:lpm_counter_component|cntr_7oi:auto_generated|safe_q[0] ; CLK        ; CLK      ; None                        ; None                      ; 0.609 ns                ;
; N/A   ; Restricted to 500.00 MHz ( period = 2.000 ns ) ; Block4:inst|lpm_counter4:inst35|lpm_counter:lpm_counter_component|cntr_7oi:auto_generated|safe_q[0]   ; Block4:inst|lpm_counter4:inst35|lpm_counter:lpm_counter_component|cntr_7oi:auto_generated|safe_q[0]   ; CLK        ; CLK      ; None                        ; None                      ; 0.609 ns                ;
; N/A   ; Restricted to 500.00 MHz ( period = 2.000 ns ) ; Block4:inst|lpm_counter4:inst35|lpm_counter:lpm_counter_component|cntr_7oi:auto_generated|safe_q[1]   ; Block4:inst|lpm_counter4:inst35|lpm_counter:lpm_counter_component|cntr_7oi:auto_generated|safe_q[1]   ; CLK        ; CLK      ; None                        ; None                      ; 0.609 ns                ;
; N/A   ; Restricted to 500.00 MHz ( period = 2.000 ns ) ; Block4:inst|lpm_counter4:inst35|lpm_counter:lpm_counter_component|cntr_7oi:auto_generated|safe_q[2]   ; Block4:inst|lpm_counter4:inst35|lpm_counter:lpm_counter_component|cntr_7oi:auto_generated|safe_q[2]   ; CLK        ; CLK      ; None                        ; None                      ; 0.609 ns                ;
; N/A   ; Restricted to 500.00 MHz ( period = 2.000 ns ) ; Master:inst43|inst                                                                                    ; Master:inst43|inst                                                                                    ; CLK        ; CLK      ; None                        ; None                      ; 0.396 ns                ;
; N/A   ; Restricted to 500.00 MHz ( period = 2.000 ns ) ; Block3:inst42|inst                                                                                    ; Block3:inst42|inst                                                                                    ; CLK        ; CLK      ; None                        ; None                      ; 0.396 ns                ;
; N/A   ; Restricted to 500.00 MHz ( period = 2.000 ns ) ; Block5:inst41|inst                                                                                    ; Block5:inst41|inst                                                                                    ; CLK        ; CLK      ; None                        ; None                      ; 0.396 ns                ;
; N/A   ; Restricted to 500.00 MHz ( period = 2.000 ns ) ; Block3:inst42|inst~DUPLICATE                                                                          ; Block3:inst42|inst~DUPLICATE                                                                          ; CLK        ; CLK      ; None                        ; None                      ; 0.396 ns                ;
; N/A   ; Restricted to 500.00 MHz ( period = 2.000 ns ) ; Block4:inst|inst                                                                                      ; Block4:inst|inst                                                                                      ; CLK        ; CLK      ; None                        ; None                      ; 0.396 ns                ;
+-------+------------------------------------------------+-------------------------------------------------------------------------------------------------------+-------------------------------------------------------------------------------------------------------+------------+----------+-----------------------------+---------------------------+-------------------------+


+----------------------------------------------------------------------------------------------+
; tsu                                                                                          ;
+-------+--------------+------------+----------------+------------------------------+----------+
; Slack ; Required tsu ; Actual tsu ; From           ; To                           ; To Clock ;
+-------+--------------+------------+----------------+------------------------------+----------+
; N/A   ; None         ; 2.729 ns   ; Set_request[2] ; Block3:inst42|inst           ; CLK      ;
; N/A   ; None         ; 2.729 ns   ; Set_request[2] ; Block3:inst42|inst~DUPLICATE ; CLK      ;
; N/A   ; None         ; 2.601 ns   ; Set_request[1] ; Block4:inst|inst             ; CLK      ;
; N/A   ; None         ; 2.276 ns   ; Set_request[3] ; Master:inst43|inst           ; CLK      ;
; N/A   ; None         ; -0.356 ns  ; Set_request[0] ; Block5:inst41|inst           ; CLK      ;
+-------+--------------+------------+----------------+------------------------------+----------+


+------------------------------------------------------------------------------------------------------------------------------------------------------------------------------------------------------------------------------------------+
; tco                                                                                                                                                                                                                                      ;
+-----------------------------------------+-----------------------------------------------------+------------+------------------------------------------------------------------------------------------------------+---------+------------+
; Slack                                   ; Required tco                                        ; Actual tco ; From                                                                                                 ; To      ; From Clock ;
+-----------------------------------------+-----------------------------------------------------+------------+------------------------------------------------------------------------------------------------------+---------+------------+
; N/A                                     ; None                                                ; 11.413 ns  ; Block3:inst42|inst36                                                                                 ; Out3[6] ; CLK        ;
; N/A                                     ; None                                                ; 11.330 ns  ; Block4:inst|inst36                                                                                   ; Out3[6] ; CLK        ;
; N/A                                     ; None                                                ; 11.286 ns  ; Block5:inst41|inst36                                                                                 ; Out3[6] ; CLK        ;
; N/A                                     ; None                                                ; 11.103 ns  ; Block3:inst42|lpm_counter0:inst6|lpm_counter:lpm_counter_component|cntr_poi:auto_generated|safe_q[2] ; Out3[6] ; CLK        ;
; N/A                                     ; None                                                ; 11.092 ns  ; Block3:inst42|inst36                                                                                 ; Out2[7] ; CLK        ;
; N/A                                     ; None                                                ; 11.009 ns  ; Master:inst43|inst36                                                                                 ; Out3[6] ; CLK        ;
; N/A                                     ; None                                                ; 11.009 ns  ; Block4:inst|inst36                                                                                   ; Out2[7] ; CLK        ;
; N/A                                     ; None                                                ; 11.002 ns  ; Block3:inst42|inst36                                                                                 ; Out0[7] ; CLK        ;
; N/A                                     ; None                                                ; 10.965 ns  ; Block5:inst41|inst36                                                                                 ; Out2[7] ; CLK        ;
; N/A                                     ; None                                                ; 10.947 ns  ; Block3:inst42|inst36                                                                                 ; Out3[7] ; CLK        ;
; N/A                                     ; None                                                ; 10.940 ns  ; Block4:inst|lpm_counter0:inst6|lpm_counter:lpm_counter_component|cntr_poi:auto_generated|safe_q[2]   ; Out3[6] ; CLK        ;
; N/A                                     ; None                                                ; 10.936 ns  ; Block4:inst|lpm_counter0:inst6|lpm_counter:lpm_counter_component|cntr_poi:auto_generated|safe_q[1]   ; Out3[6] ; CLK        ;
; N/A                                     ; None                                                ; 10.919 ns  ; Block4:inst|inst36                                                                                   ; Out0[7] ; CLK        ;
; N/A                                     ; None                                                ; 10.875 ns  ; Block5:inst41|inst36                                                                                 ; Out0[7] ; CLK        ;
; N/A                                     ; None                                                ; 10.864 ns  ; Block4:inst|inst36                                                                                   ; Out3[7] ; CLK        ;
; N/A                                     ; None                                                ; 10.854 ns  ; Block3:inst42|lpm_counter0:inst6|lpm_counter:lpm_counter_component|cntr_poi:auto_generated|safe_q[1] ; Out3[6] ; CLK        ;
; N/A                                     ; None                                                ; 10.820 ns  ; Block5:inst41|inst36                                                                                 ; Out3[7] ; CLK        ;
; N/A                                     ; None                                                ; 10.752 ns  ; Block3:inst42|lpm_counter0:inst6|lpm_counter:lpm_counter_component|cntr_poi:auto_generated|safe_q[2] ; Out2[7] ; CLK        ;
; N/A                                     ; None                                                ; 10.690 ns  ; Block3:inst42|inst36                                                                                 ; Out3[3] ; CLK        ;
; N/A                                     ; None                                                ; 10.688 ns  ; Master:inst43|inst36                                                                                 ; Out2[7] ; CLK        ;
; N/A                                     ; None                                                ; 10.661 ns  ; Block3:inst42|lpm_counter0:inst6|lpm_counter:lpm_counter_component|cntr_poi:auto_generated|safe_q[2] ; Out0[7] ; CLK        ;
; N/A                                     ; None                                                ; 10.641 ns  ; Block3:inst42|inst36                                                                                 ; Out0[4] ; CLK        ;
; N/A                                     ; None                                                ; 10.637 ns  ; Block3:inst42|lpm_counter0:inst6|lpm_counter:lpm_counter_component|cntr_poi:auto_generated|safe_q[2] ; Out3[7] ; CLK        ;
; N/A                                     ; None                                                ; 10.616 ns  ; Block3:inst42|inst36                                                                                 ; Out2[3] ; CLK        ;
; N/A                                     ; None                                                ; 10.615 ns  ; Block4:inst|lpm_counter0:inst6|lpm_counter:lpm_counter_component|cntr_poi:auto_generated|safe_q[1]   ; Out2[7] ; CLK        ;
; N/A                                     ; None                                                ; 10.607 ns  ; Block4:inst|inst36                                                                                   ; Out3[3] ; CLK        ;
; N/A                                     ; None                                                ; 10.598 ns  ; Master:inst43|inst36                                                                                 ; Out0[7] ; CLK        ;
; N/A                                     ; None                                                ; 10.589 ns  ; Block4:inst|lpm_counter0:inst6|lpm_counter:lpm_counter_component|cntr_poi:auto_generated|safe_q[2]   ; Out2[7] ; CLK        ;
; N/A                                     ; None                                                ; 10.563 ns  ; Block5:inst41|inst36                                                                                 ; Out3[3] ; CLK        ;
; N/A                                     ; None                                                ; 10.558 ns  ; Block4:inst|inst36                                                                                   ; Out0[4] ; CLK        ;
; N/A                                     ; None                                                ; 10.549 ns  ; Block3:inst42|lpm_counter0:inst6|lpm_counter:lpm_counter_component|cntr_poi:auto_generated|safe_q[0] ; Out3[6] ; CLK        ;
; N/A                                     ; None                                                ; 10.543 ns  ; Master:inst43|inst36                                                                                 ; Out3[7] ; CLK        ;
; N/A                                     ; None                                                ; 10.540 ns  ; Block3:inst42|inst36                                                                                 ; Out2[1] ; CLK        ;
; N/A                                     ; None                                                ; 10.533 ns  ; Block4:inst|inst36                                                                                   ; Out2[3] ; CLK        ;
; N/A                                     ; None                                                ; 10.533 ns  ; Block3:inst42|lpm_counter0:inst6|lpm_counter:lpm_counter_component|cntr_poi:auto_generated|safe_q[1] ; Out2[7] ; CLK        ;
; N/A                                     ; None                                                ; 10.525 ns  ; Block4:inst|lpm_counter0:inst6|lpm_counter:lpm_counter_component|cntr_poi:auto_generated|safe_q[1]   ; Out0[7] ; CLK        ;
; N/A                                     ; None                                                ; 10.514 ns  ; Block5:inst41|inst36                                                                                 ; Out0[4] ; CLK        ;
; N/A                                     ; None                                                ; 10.506 ns  ; Block3:inst42|inst36                                                                                 ; Out0[3] ; CLK        ;
; N/A                                     ; None                                                ; 10.498 ns  ; Block4:inst|lpm_counter0:inst6|lpm_counter:lpm_counter_component|cntr_poi:auto_generated|safe_q[2]   ; Out0[7] ; CLK        ;
; N/A                                     ; None                                                ; 10.489 ns  ; Block5:inst41|inst36                                                                                 ; Out2[3] ; CLK        ;
; N/A                                     ; None                                                ; 10.474 ns  ; Block4:inst|lpm_counter0:inst6|lpm_counter:lpm_counter_component|cntr_poi:auto_generated|safe_q[2]   ; Out3[7] ; CLK        ;
; N/A                                     ; None                                                ; 10.470 ns  ; Block4:inst|lpm_counter0:inst6|lpm_counter:lpm_counter_component|cntr_poi:auto_generated|safe_q[1]   ; Out3[7] ; CLK        ;
; N/A                                     ; None                                                ; 10.457 ns  ; Block4:inst|inst36                                                                                   ; Out2[1] ; CLK        ;
; N/A                                     ; None                                                ; 10.443 ns  ; Block3:inst42|lpm_counter0:inst6|lpm_counter:lpm_counter_component|cntr_poi:auto_generated|safe_q[1] ; Out0[7] ; CLK        ;
; N/A                                     ; None                                                ; 10.423 ns  ; Block4:inst|inst36                                                                                   ; Out0[3] ; CLK        ;
; N/A                                     ; None                                                ; 10.413 ns  ; Block5:inst41|inst36                                                                                 ; Out2[1] ; CLK        ;
; N/A                                     ; None                                                ; 10.388 ns  ; Block3:inst42|lpm_counter0:inst6|lpm_counter:lpm_counter_component|cntr_poi:auto_generated|safe_q[1] ; Out3[7] ; CLK        ;
; N/A                                     ; None                                                ; 10.381 ns  ; Block3:inst42|inst36                                                                                 ; Out0[1] ; CLK        ;
; N/A                                     ; None                                                ; 10.380 ns  ; Block3:inst42|lpm_counter0:inst6|lpm_counter:lpm_counter_component|cntr_poi:auto_generated|safe_q[2] ; Out3[3] ; CLK        ;
; N/A                                     ; None                                                ; 10.379 ns  ; Block5:inst41|inst36                                                                                 ; Out0[3] ; CLK        ;
; N/A                                     ; None                                                ; 10.300 ns  ; Block3:inst42|inst36                                                                                 ; Out4[7] ; CLK        ;
; N/A                                     ; None                                                ; 10.300 ns  ; Block3:inst42|lpm_counter0:inst6|lpm_counter:lpm_counter_component|cntr_poi:auto_generated|safe_q[2] ; Out0[4] ; CLK        ;
; N/A                                     ; None                                                ; 10.298 ns  ; Block4:inst|inst36                                                                                   ; Out0[1] ; CLK        ;
; N/A                                     ; None                                                ; 10.286 ns  ; Master:inst43|inst36                                                                                 ; Out3[3] ; CLK        ;
; N/A                                     ; None                                                ; 10.276 ns  ; Block3:inst42|lpm_counter0:inst6|lpm_counter:lpm_counter_component|cntr_poi:auto_generated|safe_q[2] ; Out2[3] ; CLK        ;
; N/A                                     ; None                                                ; 10.254 ns  ; Block5:inst41|inst36                                                                                 ; Out0[1] ; CLK        ;
; N/A                                     ; None                                                ; 10.238 ns  ; Block3:inst42|inst36                                                                                 ; Out4[4] ; CLK        ;
; N/A                                     ; None                                                ; 10.237 ns  ; Master:inst43|inst36                                                                                 ; Out0[4] ; CLK        ;
; N/A                                     ; None                                                ; 10.232 ns  ; Block4:inst|lpm_counter0:inst6|lpm_counter:lpm_counter_component|cntr_poi:auto_generated|safe_q[0]   ; Out3[6] ; CLK        ;
; N/A                                     ; None                                                ; 10.229 ns  ; Block3:inst42|lpm_counter0:inst6|lpm_counter:lpm_counter_component|cntr_poi:auto_generated|safe_q[0] ; Out2[7] ; CLK        ;
; N/A                                     ; None                                                ; 10.217 ns  ; Block4:inst|inst36                                                                                   ; Out4[7] ; CLK        ;
; N/A                                     ; None                                                ; 10.217 ns  ; Block4:inst|lpm_counter0:inst6|lpm_counter:lpm_counter_component|cntr_poi:auto_generated|safe_q[2]   ; Out3[3] ; CLK        ;
; N/A                                     ; None                                                ; 10.213 ns  ; Block4:inst|lpm_counter0:inst6|lpm_counter:lpm_counter_component|cntr_poi:auto_generated|safe_q[1]   ; Out3[3] ; CLK        ;
; N/A                                     ; None                                                ; 10.212 ns  ; Master:inst43|inst36                                                                                 ; Out2[3] ; CLK        ;
; N/A                                     ; None                                                ; 10.200 ns  ; Block3:inst42|lpm_counter0:inst6|lpm_counter:lpm_counter_component|cntr_poi:auto_generated|safe_q[2] ; Out2[1] ; CLK        ;
; N/A                                     ; None                                                ; 10.173 ns  ; Block5:inst41|inst36                                                                                 ; Out4[7] ; CLK        ;
; N/A                                     ; None                                                ; 10.165 ns  ; Block3:inst42|lpm_counter0:inst6|lpm_counter:lpm_counter_component|cntr_poi:auto_generated|safe_q[2] ; Out0[3] ; CLK        ;
; N/A                                     ; None                                                ; 10.164 ns  ; Block4:inst|lpm_counter0:inst6|lpm_counter:lpm_counter_component|cntr_poi:auto_generated|safe_q[1]   ; Out0[4] ; CLK        ;
; N/A                                     ; None                                                ; 10.155 ns  ; Block4:inst|inst36                                                                                   ; Out4[4] ; CLK        ;
; N/A                                     ; None                                                ; 10.139 ns  ; Block4:inst|lpm_counter0:inst6|lpm_counter:lpm_counter_component|cntr_poi:auto_generated|safe_q[1]   ; Out2[3] ; CLK        ;
; N/A                                     ; None                                                ; 10.139 ns  ; Block3:inst42|lpm_counter0:inst6|lpm_counter:lpm_counter_component|cntr_poi:auto_generated|safe_q[0] ; Out0[7] ; CLK        ;
; N/A                                     ; None                                                ; 10.137 ns  ; Block4:inst|lpm_counter0:inst6|lpm_counter:lpm_counter_component|cntr_poi:auto_generated|safe_q[2]   ; Out0[4] ; CLK        ;
; N/A                                     ; None                                                ; 10.136 ns  ; Master:inst43|inst36                                                                                 ; Out2[1] ; CLK        ;
; N/A                                     ; None                                                ; 10.133 ns  ; Block3:inst42|inst36                                                                                 ; Out4[1] ; CLK        ;
; N/A                                     ; None                                                ; 10.131 ns  ; Block3:inst42|lpm_counter0:inst6|lpm_counter:lpm_counter_component|cntr_poi:auto_generated|safe_q[1] ; Out3[3] ; CLK        ;
; N/A                                     ; None                                                ; 10.126 ns  ; Block3:inst42|inst36                                                                                 ; Out2[4] ; CLK        ;
; N/A                                     ; None                                                ; 10.113 ns  ; Block4:inst|lpm_counter0:inst6|lpm_counter:lpm_counter_component|cntr_poi:auto_generated|safe_q[2]   ; Out2[3] ; CLK        ;
; N/A                                     ; None                                                ; 10.111 ns  ; Block5:inst41|inst36                                                                                 ; Out4[4] ; CLK        ;
; N/A                                     ; None                                                ; 10.102 ns  ; Master:inst43|inst36                                                                                 ; Out0[3] ; CLK        ;
; N/A                                     ; None                                                ; 10.083 ns  ; Block3:inst42|lpm_counter0:inst6|lpm_counter:lpm_counter_component|cntr_poi:auto_generated|safe_q[0] ; Out3[7] ; CLK        ;
; N/A                                     ; None                                                ; 10.082 ns  ; Block3:inst42|lpm_counter0:inst6|lpm_counter:lpm_counter_component|cntr_poi:auto_generated|safe_q[1] ; Out0[4] ; CLK        ;
; N/A                                     ; None                                                ; 10.063 ns  ; Block4:inst|lpm_counter0:inst6|lpm_counter:lpm_counter_component|cntr_poi:auto_generated|safe_q[1]   ; Out2[1] ; CLK        ;
; N/A                                     ; None                                                ; 10.057 ns  ; Block3:inst42|lpm_counter0:inst6|lpm_counter:lpm_counter_component|cntr_poi:auto_generated|safe_q[1] ; Out2[3] ; CLK        ;
; N/A                                     ; None                                                ; 10.050 ns  ; Block4:inst|inst36                                                                                   ; Out4[1] ; CLK        ;
; N/A                                     ; None                                                ; 10.044 ns  ; Master:inst43|lpm_counter0:inst6|lpm_counter:lpm_counter_component|cntr_poi:auto_generated|safe_q[1] ; Out3[6] ; CLK        ;
; N/A                                     ; None                                                ; 10.043 ns  ; Block4:inst|inst36                                                                                   ; Out2[4] ; CLK        ;
; N/A                                     ; None                                                ; 10.040 ns  ; Block3:inst42|lpm_counter0:inst6|lpm_counter:lpm_counter_component|cntr_poi:auto_generated|safe_q[2] ; Out0[1] ; CLK        ;
; N/A                                     ; None                                                ; 10.037 ns  ; Block4:inst|lpm_counter0:inst6|lpm_counter:lpm_counter_component|cntr_poi:auto_generated|safe_q[2]   ; Out2[1] ; CLK        ;
; N/A                                     ; None                                                ; 10.029 ns  ; Block4:inst|lpm_counter0:inst6|lpm_counter:lpm_counter_component|cntr_poi:auto_generated|safe_q[1]   ; Out0[3] ; CLK        ;
; N/A                                     ; None                                                ; 10.022 ns  ; Block5:inst41|lpm_counter0:inst6|lpm_counter:lpm_counter_component|cntr_poi:auto_generated|safe_q[2] ; Out3[6] ; CLK        ;
; N/A                                     ; None                                                ; 10.006 ns  ; Block5:inst41|inst36                                                                                 ; Out4[1] ; CLK        ;
; N/A                                     ; None                                                ; 10.002 ns  ; Block4:inst|lpm_counter0:inst6|lpm_counter:lpm_counter_component|cntr_poi:auto_generated|safe_q[2]   ; Out0[3] ; CLK        ;
; N/A                                     ; None                                                ; 9.999 ns   ; Block5:inst41|inst36                                                                                 ; Out2[4] ; CLK        ;
; N/A                                     ; None                                                ; 9.990 ns   ; Block3:inst42|inst36                                                                                 ; Out1[5] ; CLK        ;
; N/A                                     ; None                                                ; 9.981 ns   ; Block3:inst42|lpm_counter0:inst6|lpm_counter:lpm_counter_component|cntr_poi:auto_generated|safe_q[1] ; Out2[1] ; CLK        ;
; N/A                                     ; None                                                ; 9.977 ns   ; Master:inst43|inst36                                                                                 ; Out0[1] ; CLK        ;
; N/A                                     ; None                                                ; 9.973 ns   ; Block5:inst41|lpm_counter0:inst6|lpm_counter:lpm_counter_component|cntr_poi:auto_generated|safe_q[1] ; Out3[6] ; CLK        ;
; N/A                                     ; None                                                ; 9.962 ns   ; Block3:inst42|inst36                                                                                 ; Out2[2] ; CLK        ;
; N/A                                     ; None                                                ; 9.947 ns   ; Block3:inst42|lpm_counter0:inst6|lpm_counter:lpm_counter_component|cntr_poi:auto_generated|safe_q[1] ; Out0[3] ; CLK        ;
; N/A                                     ; None                                                ; 9.918 ns   ; Master:inst43|lpm_counter0:inst6|lpm_counter:lpm_counter_component|cntr_poi:auto_generated|safe_q[2] ; Out3[6] ; CLK        ;
; N/A                                     ; None                                                ; 9.912 ns   ; Block4:inst|lpm_counter0:inst6|lpm_counter:lpm_counter_component|cntr_poi:auto_generated|safe_q[0]   ; Out2[7] ; CLK        ;
; N/A                                     ; None                                                ; 9.907 ns   ; Block4:inst|inst36                                                                                   ; Out1[5] ; CLK        ;
; N/A                                     ; None                                                ; 9.904 ns   ; Block4:inst|lpm_counter0:inst6|lpm_counter:lpm_counter_component|cntr_poi:auto_generated|safe_q[1]   ; Out0[1] ; CLK        ;
; N/A                                     ; None                                                ; 9.896 ns   ; Master:inst43|inst36                                                                                 ; Out4[7] ; CLK        ;
; N/A                                     ; None                                                ; 9.879 ns   ; Block4:inst|inst36                                                                                   ; Out2[2] ; CLK        ;
; N/A                                     ; None                                                ; 9.877 ns   ; Block4:inst|lpm_counter0:inst6|lpm_counter:lpm_counter_component|cntr_poi:auto_generated|safe_q[2]   ; Out0[1] ; CLK        ;
; N/A                                     ; None                                                ; 9.875 ns   ; Block3:inst42|lpm_counter0:inst6|lpm_counter:lpm_counter_component|cntr_poi:auto_generated|safe_q[2] ; Out4[7] ; CLK        ;
; N/A                                     ; None                                                ; 9.863 ns   ; Block5:inst41|inst36                                                                                 ; Out1[5] ; CLK        ;
; N/A                                     ; None                                                ; 9.835 ns   ; Block5:inst41|inst36                                                                                 ; Out2[2] ; CLK        ;
; N/A                                     ; None                                                ; 9.834 ns   ; Master:inst43|inst36                                                                                 ; Out4[4] ; CLK        ;
; N/A                                     ; None                                                ; 9.826 ns   ; Block3:inst42|lpm_counter0:inst6|lpm_counter:lpm_counter_component|cntr_poi:auto_generated|safe_q[0] ; Out3[3] ; CLK        ;
; N/A                                     ; None                                                ; 9.823 ns   ; Block4:inst|lpm_counter0:inst6|lpm_counter:lpm_counter_component|cntr_poi:auto_generated|safe_q[1]   ; Out4[7] ; CLK        ;
; N/A                                     ; None                                                ; 9.822 ns   ; Block3:inst42|lpm_counter0:inst6|lpm_counter:lpm_counter_component|cntr_poi:auto_generated|safe_q[1] ; Out0[1] ; CLK        ;
; N/A                                     ; None                                                ; 9.822 ns   ; Block4:inst|lpm_counter0:inst6|lpm_counter:lpm_counter_component|cntr_poi:auto_generated|safe_q[0]   ; Out0[7] ; CLK        ;
; N/A                                     ; None                                                ; 9.813 ns   ; Block3:inst42|lpm_counter0:inst6|lpm_counter:lpm_counter_component|cntr_poi:auto_generated|safe_q[2] ; Out4[4] ; CLK        ;
; N/A                                     ; None                                                ; 9.786 ns   ; Block3:inst42|lpm_counter0:inst6|lpm_counter:lpm_counter_component|cntr_poi:auto_generated|safe_q[2] ; Out2[4] ; CLK        ;
; N/A                                     ; None                                                ; 9.778 ns   ; Block3:inst42|lpm_counter0:inst6|lpm_counter:lpm_counter_component|cntr_poi:auto_generated|safe_q[0] ; Out0[4] ; CLK        ;
; N/A                                     ; None                                                ; 9.772 ns   ; Block3:inst42|inst36                                                                                 ; Out2[6] ; CLK        ;
; N/A                                     ; None                                                ; 9.766 ns   ; Block4:inst|lpm_counter0:inst6|lpm_counter:lpm_counter_component|cntr_poi:auto_generated|safe_q[0]   ; Out3[7] ; CLK        ;
; N/A                                     ; None                                                ; 9.761 ns   ; Block4:inst|lpm_counter0:inst6|lpm_counter:lpm_counter_component|cntr_poi:auto_generated|safe_q[1]   ; Out4[4] ; CLK        ;
; N/A                                     ; None                                                ; 9.753 ns   ; Block3:inst42|lpm_counter0:inst6|lpm_counter:lpm_counter_component|cntr_poi:auto_generated|safe_q[0] ; Out2[3] ; CLK        ;
; N/A                                     ; None                                                ; 9.741 ns   ; Block3:inst42|lpm_counter0:inst6|lpm_counter:lpm_counter_component|cntr_poi:auto_generated|safe_q[1] ; Out4[7] ; CLK        ;
; N/A                                     ; None                                                ; 9.738 ns   ; Block3:inst42|inst36                                                                                 ; Out4[3] ; CLK        ;
; N/A                                     ; None                                                ; 9.729 ns   ; Master:inst43|inst36                                                                                 ; Out4[1] ; CLK        ;
; N/A                                     ; None                                                ; 9.723 ns   ; Master:inst43|lpm_counter0:inst6|lpm_counter:lpm_counter_component|cntr_poi:auto_generated|safe_q[1] ; Out2[7] ; CLK        ;
; N/A                                     ; None                                                ; 9.722 ns   ; Master:inst43|inst36                                                                                 ; Out2[4] ; CLK        ;
; N/A                                     ; None                                                ; 9.712 ns   ; Block4:inst|lpm_counter0:inst6|lpm_counter:lpm_counter_component|cntr_poi:auto_generated|safe_q[2]   ; Out4[7] ; CLK        ;
; N/A                                     ; None                                                ; 9.708 ns   ; Block3:inst42|lpm_counter0:inst6|lpm_counter:lpm_counter_component|cntr_poi:auto_generated|safe_q[2] ; Out4[1] ; CLK        ;
; N/A                                     ; None                                                ; 9.689 ns   ; Block4:inst|inst36                                                                                   ; Out2[6] ; CLK        ;
; N/A                                     ; None                                                ; 9.679 ns   ; Block3:inst42|lpm_counter0:inst6|lpm_counter:lpm_counter_component|cntr_poi:auto_generated|safe_q[1] ; Out4[4] ; CLK        ;
; N/A                                     ; None                                                ; 9.677 ns   ; Block3:inst42|lpm_counter0:inst6|lpm_counter:lpm_counter_component|cntr_poi:auto_generated|safe_q[0] ; Out2[1] ; CLK        ;
; N/A                                     ; None                                                ; 9.671 ns   ; Block5:inst41|lpm_counter0:inst6|lpm_counter:lpm_counter_component|cntr_poi:auto_generated|safe_q[2] ; Out2[7] ; CLK        ;
; N/A                                     ; None                                                ; 9.656 ns   ; Block4:inst|lpm_counter0:inst6|lpm_counter:lpm_counter_component|cntr_poi:auto_generated|safe_q[1]   ; Out4[1] ; CLK        ;
; N/A                                     ; None                                                ; 9.655 ns   ; Block4:inst|inst36                                                                                   ; Out4[3] ; CLK        ;
; N/A                                     ; None                                                ; 9.655 ns   ; Block5:inst41|lpm_counter0:inst6|lpm_counter:lpm_counter_component|cntr_poi:auto_generated|safe_q[0] ; Out3[6] ; CLK        ;
; N/A                                     ; None                                                ; 9.652 ns   ; Block5:inst41|lpm_counter0:inst6|lpm_counter:lpm_counter_component|cntr_poi:auto_generated|safe_q[1] ; Out2[7] ; CLK        ;
; N/A                                     ; None                                                ; 9.651 ns   ; Block3:inst42|inst36                                                                                 ; Out1[6] ; CLK        ;
; N/A                                     ; None                                                ; 9.651 ns   ; Block3:inst42|inst36                                                                                 ; Out1[7] ; CLK        ;
; N/A                                     ; None                                                ; 9.650 ns   ; Block4:inst|lpm_counter0:inst6|lpm_counter:lpm_counter_component|cntr_poi:auto_generated|safe_q[2]   ; Out4[4] ; CLK        ;
; N/A                                     ; None                                                ; 9.649 ns   ; Block4:inst|lpm_counter0:inst6|lpm_counter:lpm_counter_component|cntr_poi:auto_generated|safe_q[1]   ; Out2[4] ; CLK        ;
; N/A                                     ; None                                                ; 9.649 ns   ; Block3:inst42|lpm_counter0:inst6|lpm_counter:lpm_counter_component|cntr_poi:auto_generated|safe_q[2] ; Out1[5] ; CLK        ;
; N/A                                     ; None                                                ; 9.647 ns   ; Block3:inst42|inst36                                                                                 ; Out3[4] ; CLK        ;
; N/A                                     ; None                                                ; 9.645 ns   ; Block5:inst41|inst36                                                                                 ; Out2[6] ; CLK        ;
; N/A                                     ; None                                                ; 9.643 ns   ; Block3:inst42|lpm_counter0:inst6|lpm_counter:lpm_counter_component|cntr_poi:auto_generated|safe_q[0] ; Out0[3] ; CLK        ;
; N/A                                     ; None                                                ; 9.634 ns   ; Master:inst43|inst36                                                                                 ; Data[3] ; CLK        ;
; N/A                                     ; None                                                ; 9.633 ns   ; Master:inst43|lpm_counter0:inst6|lpm_counter:lpm_counter_component|cntr_poi:auto_generated|safe_q[1] ; Out0[7] ; CLK        ;
; N/A                                     ; None                                                ; 9.623 ns   ; Block4:inst|lpm_counter0:inst6|lpm_counter:lpm_counter_component|cntr_poi:auto_generated|safe_q[2]   ; Out2[4] ; CLK        ;
; N/A                                     ; None                                                ; 9.622 ns   ; Block3:inst42|lpm_counter0:inst6|lpm_counter:lpm_counter_component|cntr_poi:auto_generated|safe_q[2] ; Out2[2] ; CLK        ;
; N/A                                     ; None                                                ; 9.612 ns   ; Block3:inst42|inst36                                                                                 ; Data[3] ; CLK        ;
; N/A                                     ; None                                                ; 9.611 ns   ; Block5:inst41|inst36                                                                                 ; Out4[3] ; CLK        ;
; N/A                                     ; None                                                ; 9.604 ns   ; Master:inst43|inst36                                                                                 ; Data[7] ; CLK        ;
; N/A                                     ; None                                                ; 9.586 ns   ; Master:inst43|inst36                                                                                 ; Out1[5] ; CLK        ;
; N/A                                     ; None                                                ; 9.582 ns   ; Block3:inst42|inst36                                                                                 ; Data[7] ; CLK        ;
; N/A                                     ; None                                                ; 9.580 ns   ; Block5:inst41|lpm_counter0:inst6|lpm_counter:lpm_counter_component|cntr_poi:auto_generated|safe_q[2] ; Out0[7] ; CLK        ;
; N/A                                     ; None                                                ; 9.578 ns   ; Master:inst43|lpm_counter0:inst6|lpm_counter:lpm_counter_component|cntr_poi:auto_generated|safe_q[1] ; Out3[7] ; CLK        ;
; N/A                                     ; None                                                ; 9.574 ns   ; Block3:inst42|lpm_counter0:inst6|lpm_counter:lpm_counter_component|cntr_poi:auto_generated|safe_q[1] ; Out4[1] ; CLK        ;
; N/A                                     ; None                                                ; 9.568 ns   ; Block3:inst42|inst36                                                                                 ; Out1[3] ; CLK        ;
; N/A                                     ; None                                                ; 9.568 ns   ; Block4:inst|inst36                                                                                   ; Out1[6] ; CLK        ;
; N/A                                     ; None                                                ; 9.568 ns   ; Block4:inst|inst36                                                                                   ; Out1[7] ; CLK        ;
; N/A                                     ; None                                                ; 9.567 ns   ; Block3:inst42|lpm_counter0:inst6|lpm_counter:lpm_counter_component|cntr_poi:auto_generated|safe_q[1] ; Out2[4] ; CLK        ;
; N/A                                     ; None                                                ; 9.567 ns   ; Master:inst43|lpm_counter0:inst6|lpm_counter:lpm_counter_component|cntr_poi:auto_generated|safe_q[2] ; Out2[7] ; CLK        ;
; N/A                                     ; None                                                ; 9.564 ns   ; Block4:inst|inst36                                                                                   ; Out3[4] ; CLK        ;
; N/A                                     ; None                                                ; 9.562 ns   ; Block5:inst41|lpm_counter0:inst6|lpm_counter:lpm_counter_component|cntr_poi:auto_generated|safe_q[1] ; Out0[7] ; CLK        ;
; N/A                                     ; None                                                ; 9.558 ns   ; Master:inst43|inst36                                                                                 ; Out2[2] ; CLK        ;
; N/A                                     ; None                                                ; 9.556 ns   ; Block5:inst41|lpm_counter0:inst6|lpm_counter:lpm_counter_component|cntr_poi:auto_generated|safe_q[2] ; Out3[7] ; CLK        ;
; N/A                                     ; None                                                ; 9.545 ns   ; Block4:inst|lpm_counter0:inst6|lpm_counter:lpm_counter_component|cntr_poi:auto_generated|safe_q[2]   ; Out4[1] ; CLK        ;
; N/A                                     ; None                                                ; 9.524 ns   ; Block5:inst41|inst36                                                                                 ; Out1[6] ; CLK        ;
; N/A                                     ; None                                                ; 9.524 ns   ; Block5:inst41|inst36                                                                                 ; Out1[7] ; CLK        ;
; N/A                                     ; None                                                ; 9.520 ns   ; Block5:inst41|inst36                                                                                 ; Out3[4] ; CLK        ;
; N/A                                     ; None                                                ; 9.518 ns   ; Block3:inst42|lpm_counter0:inst6|lpm_counter:lpm_counter_component|cntr_poi:auto_generated|safe_q[0] ; Out0[1] ; CLK        ;
; N/A                                     ; None                                                ; 9.513 ns   ; Block4:inst|lpm_counter0:inst6|lpm_counter:lpm_counter_component|cntr_poi:auto_generated|safe_q[1]   ; Out1[5] ; CLK        ;
; N/A                                     ; None                                                ; 9.509 ns   ; Block4:inst|lpm_counter0:inst6|lpm_counter:lpm_counter_component|cntr_poi:auto_generated|safe_q[0]   ; Out3[3] ; CLK        ;
; N/A                                     ; None                                                ; 9.507 ns   ; Block5:inst41|lpm_counter0:inst6|lpm_counter:lpm_counter_component|cntr_poi:auto_generated|safe_q[1] ; Out3[7] ; CLK        ;
; N/A                                     ; None                                                ; 9.507 ns   ; Block4:inst|inst36                                                                                   ; Data[3] ; CLK        ;
; N/A                                     ; None                                                ; 9.501 ns   ; Block5:inst41|inst36                                                                                 ; Data[3] ; CLK        ;
; N/A                                     ; None                                                ; 9.486 ns   ; Block4:inst|lpm_counter0:inst6|lpm_counter:lpm_counter_component|cntr_poi:auto_generated|safe_q[2]   ; Out1[5] ; CLK        ;
; N/A                                     ; None                                                ; 9.485 ns   ; Block4:inst|lpm_counter0:inst6|lpm_counter:lpm_counter_component|cntr_poi:auto_generated|safe_q[1]   ; Out2[2] ; CLK        ;
; N/A                                     ; None                                                ; 9.485 ns   ; Block4:inst|inst36                                                                                   ; Out1[3] ; CLK        ;
; N/A                                     ; None                                                ; 9.477 ns   ; Block4:inst|inst36                                                                                   ; Data[7] ; CLK        ;
; N/A                                     ; None                                                ; 9.476 ns   ; Master:inst43|lpm_counter0:inst6|lpm_counter:lpm_counter_component|cntr_poi:auto_generated|safe_q[2] ; Out0[7] ; CLK        ;
; N/A                                     ; None                                                ; 9.471 ns   ; Block5:inst41|inst36                                                                                 ; Data[7] ; CLK        ;
; N/A                                     ; None                                                ; 9.464 ns   ; Block3:inst42|inst36                                                                                 ; Out1[1] ; CLK        ;
; N/A                                     ; None                                                ; 9.461 ns   ; Block4:inst|lpm_counter0:inst6|lpm_counter:lpm_counter_component|cntr_poi:auto_generated|safe_q[0]   ; Out0[4] ; CLK        ;
; N/A                                     ; None                                                ; 9.459 ns   ; Block4:inst|lpm_counter0:inst6|lpm_counter:lpm_counter_component|cntr_poi:auto_generated|safe_q[2]   ; Out2[2] ; CLK        ;
; N/A                                     ; None                                                ; 9.452 ns   ; Master:inst43|lpm_counter0:inst6|lpm_counter:lpm_counter_component|cntr_poi:auto_generated|safe_q[2] ; Out3[7] ; CLK        ;
; N/A                                     ; None                                                ; 9.441 ns   ; Block5:inst41|inst36                                                                                 ; Out1[3] ; CLK        ;
; N/A                                     ; None                                                ; 9.436 ns   ; Block4:inst|lpm_counter0:inst6|lpm_counter:lpm_counter_component|cntr_poi:auto_generated|safe_q[0]   ; Out2[3] ; CLK        ;
; N/A                                     ; None                                                ; 9.432 ns   ; Block3:inst42|lpm_counter0:inst6|lpm_counter:lpm_counter_component|cntr_poi:auto_generated|safe_q[2] ; Out2[6] ; CLK        ;
; N/A                                     ; None                                                ; 9.431 ns   ; Block3:inst42|lpm_counter0:inst6|lpm_counter:lpm_counter_component|cntr_poi:auto_generated|safe_q[1] ; Out1[5] ; CLK        ;
; N/A                                     ; None                                                ; 9.422 ns   ; Block3:inst42|lpm_counter0:inst6|lpm_counter:lpm_counter_component|cntr_poi:auto_generated|safe_q[0] ; Out4[7] ; CLK        ;
; N/A                                     ; None                                                ; 9.403 ns   ; Block3:inst42|lpm_counter0:inst6|lpm_counter:lpm_counter_component|cntr_poi:auto_generated|safe_q[1] ; Out2[2] ; CLK        ;
; N/A                                     ; None                                                ; 9.390 ns   ; Block3:inst42|inst36                                                                                 ; Out1[0] ; CLK        ;
; N/A                                     ; None                                                ; 9.381 ns   ; Block4:inst|inst36                                                                                   ; Out1[1] ; CLK        ;
; N/A                                     ; None                                                ; 9.368 ns   ; Master:inst43|inst36                                                                                 ; Out2[6] ; CLK        ;
; N/A                                     ; None                                                ; 9.360 ns   ; Block3:inst42|lpm_counter0:inst6|lpm_counter:lpm_counter_component|cntr_poi:auto_generated|safe_q[0] ; Out4[4] ; CLK        ;
; N/A                                     ; None                                                ; 9.360 ns   ; Block4:inst|lpm_counter0:inst6|lpm_counter:lpm_counter_component|cntr_poi:auto_generated|safe_q[0]   ; Out2[1] ; CLK        ;
; N/A                                     ; None                                                ; 9.349 ns   ; Block3:inst42|inst36                                                                                 ; Out1[4] ; CLK        ;
; N/A                                     ; None                                                ; 9.341 ns   ; Master:inst43|lpm_counter0:inst6|lpm_counter:lpm_counter_component|cntr_poi:auto_generated|safe_q[0] ; Out3[6] ; CLK        ;
; N/A                                     ; None                                                ; 9.337 ns   ; Block3:inst42|lpm_counter0:inst6|lpm_counter:lpm_counter_component|cntr_poi:auto_generated|safe_q[2] ; Out3[4] ; CLK        ;
; N/A                                     ; None                                                ; 9.337 ns   ; Block5:inst41|inst36                                                                                 ; Out1[1] ; CLK        ;
; Timing analysis restricted to 200 rows. ; To change the limit use Settings (Assignments menu) ;            ;                                                                                                      ;         ;            ;
+-----------------------------------------+-----------------------------------------------------+------------+------------------------------------------------------------------------------------------------------+---------+------------+


+--------------------------------------------------------------+
; tpd                                                          ;
+-------+-------------------+-----------------+------+---------+
; Slack ; Required P2P Time ; Actual P2P Time ; From ; To      ;
+-------+-------------------+-----------------+------+---------+
; N/A   ; None              ; 10.527 ns       ; CLK  ; Out3[6] ;
; N/A   ; None              ; 10.391 ns       ; CLK  ; Out2[7] ;
; N/A   ; None              ; 10.150 ns       ; CLK  ; Out0[7] ;
; N/A   ; None              ; 10.061 ns       ; CLK  ; Out3[7] ;
; N/A   ; None              ; 9.915 ns        ; CLK  ; Out2[3] ;
; N/A   ; None              ; 9.839 ns        ; CLK  ; Out2[1] ;
; N/A   ; None              ; 9.804 ns        ; CLK  ; Out3[3] ;
; N/A   ; None              ; 9.789 ns        ; CLK  ; Out0[4] ;
; N/A   ; None              ; 9.654 ns        ; CLK  ; Out0[3] ;
; N/A   ; None              ; 9.529 ns        ; CLK  ; Out0[1] ;
; N/A   ; None              ; 9.468 ns        ; CLK  ; Out4[7] ;
; N/A   ; None              ; 9.425 ns        ; CLK  ; Out2[4] ;
; N/A   ; None              ; 9.406 ns        ; CLK  ; Out4[4] ;
; N/A   ; None              ; 9.301 ns        ; CLK  ; Out4[1] ;
; N/A   ; None              ; 9.261 ns        ; CLK  ; Out2[2] ;
; N/A   ; None              ; 9.138 ns        ; CLK  ; Out1[5] ;
; N/A   ; None              ; 9.071 ns        ; CLK  ; Out2[6] ;
; N/A   ; None              ; 8.906 ns        ; CLK  ; Out4[3] ;
; N/A   ; None              ; 8.799 ns        ; CLK  ; Out1[6] ;
; N/A   ; None              ; 8.799 ns        ; CLK  ; Out1[7] ;
; N/A   ; None              ; 8.761 ns        ; CLK  ; Out3[4] ;
; N/A   ; None              ; 8.716 ns        ; CLK  ; Out1[3] ;
; N/A   ; None              ; 8.612 ns        ; CLK  ; Out1[1] ;
; N/A   ; None              ; 8.538 ns        ; CLK  ; Out1[0] ;
; N/A   ; None              ; 8.497 ns        ; CLK  ; Out1[4] ;
; N/A   ; None              ; 8.486 ns        ; CLK  ; Out2[5] ;
; N/A   ; None              ; 8.482 ns        ; CLK  ; Out4[6] ;
; N/A   ; None              ; 8.434 ns        ; CLK  ; Out0[2] ;
; N/A   ; None              ; 8.432 ns        ; CLK  ; Out2[0] ;
; N/A   ; None              ; 8.322 ns        ; CLK  ; Out1[2] ;
; N/A   ; None              ; 8.270 ns        ; CLK  ; Out0[6] ;
; N/A   ; None              ; 8.233 ns        ; CLK  ; Out0[5] ;
; N/A   ; None              ; 8.131 ns        ; CLK  ; Out3[5] ;
; N/A   ; None              ; 8.118 ns        ; CLK  ; Out3[1] ;
; N/A   ; None              ; 8.104 ns        ; CLK  ; Out3[2] ;
; N/A   ; None              ; 8.039 ns        ; CLK  ; Out4[5] ;
; N/A   ; None              ; 7.950 ns        ; CLK  ; Out0[0] ;
; N/A   ; None              ; 7.587 ns        ; CLK  ; Out4[2] ;
; N/A   ; None              ; 7.533 ns        ; CLK  ; Out4[0] ;
; N/A   ; None              ; 7.192 ns        ; CLK  ; Out3[0] ;
+-------+-------------------+-----------------+------+---------+


+----------------------------------------------------------------------------------------------------+
; th                                                                                                 ;
+---------------+-------------+-----------+----------------+------------------------------+----------+
; Minimum Slack ; Required th ; Actual th ; From           ; To                           ; To Clock ;
+---------------+-------------+-----------+----------------+------------------------------+----------+
; N/A           ; None        ; 0.595 ns  ; Set_request[0] ; Block5:inst41|inst           ; CLK      ;
; N/A           ; None        ; -2.037 ns ; Set_request[3] ; Master:inst43|inst           ; CLK      ;
; N/A           ; None        ; -2.362 ns ; Set_request[1] ; Block4:inst|inst             ; CLK      ;
; N/A           ; None        ; -2.490 ns ; Set_request[2] ; Block3:inst42|inst           ; CLK      ;
; N/A           ; None        ; -2.490 ns ; Set_request[2] ; Block3:inst42|inst~DUPLICATE ; CLK      ;
+---------------+-------------+-----------+----------------+------------------------------+----------+


+--------------------------+
; Timing Analyzer Messages ;
+--------------------------+
Info: *******************************************************************
Info: Running Quartus II Classic Timing Analyzer
    Info: Version 9.1 Build 222 10/21/2009 SJ Web Edition
    Info: Processing started: Sun Feb 01 15:51:05 2026
Info: Command: quartus_tan --read_settings_files=off --write_settings_files=off LAB1 -c Master --timing_analysis_only
Warning: Timing Analysis is analyzing one or more combinational loops as latches
    Warning: Node "Block3:inst42|inst36" is a latch
    Warning: Node "Block5:inst41|inst36" is a latch
    Warning: Node "Block4:inst|inst36" is a latch
    Warning: Node "Master:inst43|inst36" is a latch
Warning: Found pins functioning as undefined clocks and/or memory enables
    Info: Assuming node "CLK" is an undefined clock
Warning: Found 16 node(s) in clock paths which may be acting as ripple and/or gated clocks -- node(s) analyzed as buffer(s) resulting in clock skew
    Info: Detected ripple clock "Block4:inst|lpm_counter4:inst35|lpm_counter:lpm_counter_component|cntr_7oi:auto_generated|safe_q[2]" as buffer
    Info: Detected ripple clock "Block4:inst|lpm_counter4:inst35|lpm_counter:lpm_counter_component|cntr_7oi:auto_generated|safe_q[1]" as buffer
    Info: Detected ripple clock "Block4:inst|lpm_counter4:inst35|lpm_counter:lpm_counter_component|cntr_7oi:auto_generated|safe_q[0]" as buffer
    Info: Detected ripple clock "Block5:inst41|lpm_counter4:inst35|lpm_counter:lpm_counter_component|cntr_7oi:auto_generated|safe_q[0]" as buffer
    Info: Detected ripple clock "Block5:inst41|lpm_counter4:inst35|lpm_counter:lpm_counter_component|cntr_7oi:auto_generated|safe_q[1]" as buffer
    Info: Detected ripple clock "Block5:inst41|lpm_counter4:inst35|lpm_counter:lpm_counter_component|cntr_7oi:auto_generated|safe_q[2]" as buffer
    Info: Detected ripple clock "Master:inst43|lpm_counter4:inst35|lpm_counter:lpm_counter_component|cntr_7oi:auto_generated|safe_q[1]" as buffer
    Info: Detected ripple clock "Master:inst43|lpm_counter4:inst35|lpm_counter:lpm_counter_component|cntr_7oi:auto_generated|safe_q[2]" as buffer
    Info: Detected ripple clock "Master:inst43|lpm_counter4:inst35|lpm_counter:lpm_counter_component|cntr_7oi:auto_generated|safe_q[0]" as buffer
    Info: Detected gated clock "Master:inst43|inst12" as buffer
    Info: Detected gated clock "Block4:inst|inst12" as buffer
    Info: Detected gated clock "Block5:inst41|inst22" as buffer
    Info: Detected ripple clock "Block3:inst42|lpm_counter4:inst35|lpm_counter:lpm_counter_component|cntr_7oi:auto_generated|safe_q[2]" as buffer
    Info: Detected ripple clock "Block3:inst42|lpm_counter4:inst35|lpm_counter:lpm_counter_component|cntr_7oi:auto_generated|safe_q[1]" as buffer
    Info: Detected gated clock "Block3:inst42|inst22" as buffer
    Info: Detected ripple clock "Block3:inst42|lpm_counter4:inst35|lpm_counter:lpm_counter_component|cntr_7oi:auto_generated|safe_q[0]" as buffer
Info: Clock "CLK" has Internal fmax of 233.1 MHz between source register "Block5:inst41|inst36" and destination register "Block5:inst41|lpm_counter4:inst35|lpm_counter:lpm_counter_component|cntr_7oi:auto_generated|safe_q[2]" (period= 4.29 ns)
    Info: + Longest register to register delay is 1.010 ns
        Info: 1: + IC(0.000 ns) + CELL(0.000 ns) = 0.000 ns; Loc. = LCCOMB_X5_Y10_N24; Fanout = 15; REG Node = 'Block5:inst41|inst36'
        Info: 2: + IC(0.264 ns) + CELL(0.746 ns) = 1.010 ns; Loc. = LCFF_X5_Y10_N21; Fanout = 3; REG Node = 'Block5:inst41|lpm_counter4:inst35|lpm_counter:lpm_counter_component|cntr_7oi:auto_generated|safe_q[2]'
        Info: Total cell delay = 0.746 ns ( 73.86 % )
        Info: Total interconnect delay = 0.264 ns ( 26.14 % )
    Info: - Smallest clock skew is -1.045 ns
        Info: + Shortest clock path from clock "CLK" to destination register is 2.276 ns
            Info: 1: + IC(0.000 ns) + CELL(0.854 ns) = 0.854 ns; Loc. = PIN_N20; Fanout = 18; CLK Node = 'CLK'
            Info: 2: + IC(0.804 ns) + CELL(0.618 ns) = 2.276 ns; Loc. = LCFF_X5_Y10_N21; Fanout = 3; REG Node = 'Block5:inst41|lpm_counter4:inst35|lpm_counter:lpm_counter_component|cntr_7oi:auto_generated|safe_q[2]'
            Info: Total cell delay = 1.472 ns ( 64.67 % )
            Info: Total interconnect delay = 0.804 ns ( 35.33 % )
        Info: - Longest clock path from clock "CLK" to source register is 3.321 ns
            Info: 1: + IC(0.000 ns) + CELL(0.854 ns) = 0.854 ns; Loc. = PIN_N20; Fanout = 18; CLK Node = 'CLK'
            Info: 2: + IC(0.804 ns) + CELL(0.712 ns) = 2.370 ns; Loc. = LCFF_X5_Y10_N21; Fanout = 3; REG Node = 'Block5:inst41|lpm_counter4:inst35|lpm_counter:lpm_counter_component|cntr_7oi:auto_generated|safe_q[2]'
            Info: 3: + IC(0.256 ns) + CELL(0.228 ns) = 2.854 ns; Loc. = LCCOMB_X5_Y10_N8; Fanout = 1; COMB Node = 'Block5:inst41|inst22'
            Info: 4: + IC(0.239 ns) + CELL(0.228 ns) = 3.321 ns; Loc. = LCCOMB_X5_Y10_N24; Fanout = 15; REG Node = 'Block5:inst41|inst36'
            Info: Total cell delay = 2.022 ns ( 60.89 % )
            Info: Total interconnect delay = 1.299 ns ( 39.11 % )
    Info: + Micro clock to output delay of source is 0.000 ns
    Info: + Micro setup delay of destination is 0.090 ns
    Info: Delay path is controlled by inverted clocks -- if clock duty cycle is 50%, fmax is divided by two
Info: tsu for register "Block3:inst42|inst" (data pin = "Set_request[2]", clock pin = "CLK") is 2.729 ns
    Info: + Longest pin to register delay is 5.122 ns
        Info: 1: + IC(0.000 ns) + CELL(0.837 ns) = 0.837 ns; Loc. = PIN_D17; Fanout = 2; PIN Node = 'Set_request[2]'
        Info: 2: + IC(3.773 ns) + CELL(0.357 ns) = 4.967 ns; Loc. = LCCOMB_X2_Y26_N16; Fanout = 1; COMB Node = 'Block3:inst42|inst~0'
        Info: 3: + IC(0.000 ns) + CELL(0.155 ns) = 5.122 ns; Loc. = LCFF_X2_Y26_N17; Fanout = 3; REG Node = 'Block3:inst42|inst'
        Info: Total cell delay = 1.349 ns ( 26.34 % )
        Info: Total interconnect delay = 3.773 ns ( 73.66 % )
    Info: + Micro setup delay of destination is 0.090 ns
    Info: - Shortest clock path from clock "CLK" to destination register is 2.483 ns
        Info: 1: + IC(0.000 ns) + CELL(0.854 ns) = 0.854 ns; Loc. = PIN_N20; Fanout = 18; CLK Node = 'CLK'
        Info: 2: + IC(0.343 ns) + CELL(0.000 ns) = 1.197 ns; Loc. = CLKCTRL_G3; Fanout = 17; COMB Node = 'CLK~clkctrl'
        Info: 3: + IC(0.668 ns) + CELL(0.618 ns) = 2.483 ns; Loc. = LCFF_X2_Y26_N17; Fanout = 3; REG Node = 'Block3:inst42|inst'
        Info: Total cell delay = 1.472 ns ( 59.28 % )
        Info: Total interconnect delay = 1.011 ns ( 40.72 % )
Info: tco from clock "CLK" to destination pin "Out3[6]" through register "Block3:inst42|inst36" is 11.413 ns
    Info: + Longest clock path from clock "CLK" to source register is 2.991 ns
        Info: 1: + IC(0.000 ns) + CELL(0.854 ns) = 0.854 ns; Loc. = PIN_N20; Fanout = 18; CLK Node = 'CLK'
        Info: 2: + IC(0.596 ns) + CELL(0.712 ns) = 2.162 ns; Loc. = LCFF_X1_Y10_N29; Fanout = 4; REG Node = 'Block3:inst42|lpm_counter4:inst35|lpm_counter:lpm_counter_component|cntr_7oi:auto_generated|safe_q[0]'
        Info: 3: + IC(0.345 ns) + CELL(0.228 ns) = 2.735 ns; Loc. = LCCOMB_X2_Y10_N14; Fanout = 1; COMB Node = 'Block3:inst42|inst22'
        Info: 4: + IC(0.203 ns) + CELL(0.053 ns) = 2.991 ns; Loc. = LCCOMB_X2_Y10_N12; Fanout = 14; REG Node = 'Block3:inst42|inst36'
        Info: Total cell delay = 1.847 ns ( 61.75 % )
        Info: Total interconnect delay = 1.144 ns ( 38.25 % )
    Info: + Micro clock to output delay of source is 0.000 ns
    Info: + Longest register to pin delay is 8.422 ns
        Info: 1: + IC(0.000 ns) + CELL(0.000 ns) = 0.000 ns; Loc. = LCCOMB_X2_Y10_N12; Fanout = 14; REG Node = 'Block3:inst42|inst36'
        Info: 2: + IC(0.285 ns) + CELL(0.366 ns) = 0.651 ns; Loc. = LCCOMB_X2_Y10_N22; Fanout = 1; COMB Node = 'Master:inst43|lpm_bustri0:inst15|lpm_bustri:lpm_bustri_component|dout[1]~6'
        Info: 3: + IC(0.514 ns) + CELL(0.228 ns) = 1.393 ns; Loc. = LCCOMB_X6_Y10_N28; Fanout = 6; COMB Node = 'Master:inst43|lpm_bustri0:inst15|lpm_bustri:lpm_bustri_component|dout[1]~7'
        Info: 4: + IC(0.965 ns) + CELL(0.366 ns) = 2.724 ns; Loc. = LCCOMB_X1_Y9_N18; Fanout = 8; COMB Node = 'Block3:inst42|lpm_bustri1:inst16|lpm_bustri:lpm_bustri_component|dout[2]~4'
        Info: 5: + IC(3.554 ns) + CELL(2.144 ns) = 8.422 ns; Loc. = PIN_P3; Fanout = 0; PIN Node = 'Out3[6]'
        Info: Total cell delay = 3.104 ns ( 36.86 % )
        Info: Total interconnect delay = 5.318 ns ( 63.14 % )
Info: Longest tpd from source pin "CLK" to destination pin "Out3[6]" is 10.527 ns
    Info: 1: + IC(0.000 ns) + CELL(0.854 ns) = 0.854 ns; Loc. = PIN_N20; Fanout = 18; CLK Node = 'CLK'
    Info: 2: + IC(3.750 ns) + CELL(0.225 ns) = 4.829 ns; Loc. = LCCOMB_X1_Y9_N18; Fanout = 8; COMB Node = 'Block3:inst42|lpm_bustri1:inst16|lpm_bustri:lpm_bustri_component|dout[2]~4'
    Info: 3: + IC(3.554 ns) + CELL(2.144 ns) = 10.527 ns; Loc. = PIN_P3; Fanout = 0; PIN Node = 'Out3[6]'
    Info: Total cell delay = 3.223 ns ( 30.62 % )
    Info: Total interconnect delay = 7.304 ns ( 69.38 % )
Info: th for register "Block5:inst41|inst" (data pin = "Set_request[0]", clock pin = "CLK") is 0.595 ns
    Info: + Longest clock path from clock "CLK" to destination register is 2.474 ns
        Info: 1: + IC(0.000 ns) + CELL(0.854 ns) = 0.854 ns; Loc. = PIN_N20; Fanout = 18; CLK Node = 'CLK'
        Info: 2: + IC(0.343 ns) + CELL(0.000 ns) = 1.197 ns; Loc. = CLKCTRL_G3; Fanout = 17; COMB Node = 'CLK~clkctrl'
        Info: 3: + IC(0.659 ns) + CELL(0.618 ns) = 2.474 ns; Loc. = LCFF_X2_Y11_N3; Fanout = 2; REG Node = 'Block5:inst41|inst'
        Info: Total cell delay = 1.472 ns ( 59.50 % )
        Info: Total interconnect delay = 1.002 ns ( 40.50 % )
    Info: + Micro hold delay of destination is 0.149 ns
    Info: - Shortest pin to register delay is 2.028 ns
        Info: 1: + IC(0.000 ns) + CELL(0.864 ns) = 0.864 ns; Loc. = PIN_N22; Fanout = 1; PIN Node = 'Set_request[0]'
        Info: 2: + IC(0.956 ns) + CELL(0.053 ns) = 1.873 ns; Loc. = LCCOMB_X2_Y11_N2; Fanout = 1; COMB Node = 'Block5:inst41|inst~0'
        Info: 3: + IC(0.000 ns) + CELL(0.155 ns) = 2.028 ns; Loc. = LCFF_X2_Y11_N3; Fanout = 2; REG Node = 'Block5:inst41|inst'
        Info: Total cell delay = 1.072 ns ( 52.86 % )
        Info: Total interconnect delay = 0.956 ns ( 47.14 % )
Info: Quartus II Classic Timing Analyzer was successful. 0 errors, 7 warnings
    Info: Peak virtual memory: 194 megabytes
    Info: Processing ended: Sun Feb 01 15:51:06 2026
    Info: Elapsed time: 00:00:01
    Info: Total CPU time (on all processors): 00:00:00


